Spotify URI,Title,Album,Artist(s),Submitter ID,Created,Comment,Round ID,Visible To Voters
spotify:track:1kGO54rUtSq3FQ74u5BGvm,Jig Of Life,Hounds Of Love,Kate Bush,c9be872fd5074ab1b5783d466d3c8dc1,2024-10-21T20:25:15Z,Big running through mystical woods vibes,64583d698d4840269d742a920e10e616,Yes
spotify:track:3dPQuX8Gs42Y7b454ybpMR,Seven Nation Army,Elephant,The White Stripes,ee98d9f243e9431aaa1119050ee7cb87,2024-10-24T15:31:27Z,Nothing really jumped out at me so y'all get a basic answer,64583d698d4840269d742a920e10e616,No
spotify:track:3xtiXNDbSKxy20I7D6vFUg,"Soldier, Poet, King",Dear Wormwood,The Oh Hellos,a39e03efa5c24d22885572be9d37cf26,2024-10-24T15:38:05Z,yeah,64583d698d4840269d742a920e10e616,Yes
spotify:track:5aBXBxjAl8mFI0EAPjUJdX,Nothing Can Stop Me,The Original: Cissy Houston,Cissy Houston,65aa52ac1d42438fb744b5655da98f64,2024-10-22T15:39:21Z,Put this on a loop and I'm in Mordor in like a day tops ,64583d698d4840269d742a920e10e616,Yes
spotify:track:5cuYAzN27HxE18yw1EyIrH,Bugs,Beware And Be Grateful,Maps & Atlases,15bf2a4d72b347cebc478fb102de1c25,2024-10-23T00:10:21Z,Anyone wanna go on a quest to find some bugs,64583d698d4840269d742a920e10e616,Yes
spotify:track:5JXtkWtuqS8Dm8sKbtPGWa,9,ZUSHI,"Dean Blunt, Panda Bear",1b0c80b1a93d4a32b374c2e8e2216fc0,2024-10-21T20:30:40Z,,64583d698d4840269d742a920e10e616,No
spotify:track:6KCjY5kHvgWaWcAV6BBzxO,The Battle of Evermore - Remaster,Led Zeppelin IV (Remaster),Led Zeppelin,b83d73a9109442c2ac4623235fe4a53a,2024-10-24T17:29:36Z,,64583d698d4840269d742a920e10e616,No
spotify:track:6pmuu4qSz2WrtGkBjUfyuz,Birdhouse in Your Soul,Flood,They Might Be Giants,362908667d1d4abbb9ad1aef12ef16cf,2024-10-24T16:00:06Z,"In the dawn's golden light, a bright young adventurer steps boldly from the threshold of his home, Zune player clutched tightly in hand. With each stride, he embarks on a journey that will shape the very fabric of his destiny. The air crackles with anticipation as the first notes of a thrilling melody fill his ears, guiding him into the vast unknown.",64583d698d4840269d742a920e10e616,Yes
spotify:track:7bxrNIfX0TYBsAXDiEfEao,Lovely Day,RimWorld,Peppsen,e580b923dc8f44e78cf35113291d52d5,2024-10-21T20:17:31Z,,64583d698d4840269d742a920e10e616,No
spotify:track:0xRDqhYsCW6F9LM4s7gY5z,Macho Man,San Francisco Macho Man,Village People,15bf2a4d72b347cebc478fb102de1c25,2024-10-30T19:59:20Z,If I ran a gym I would play this on loop,fe6698aef1f34e929722483bd51eb301,Yes
spotify:track:1oOD1pV43cV9sHg97aBdLs,Dean Town,The Beautiful Game,Vulfpeck,ba1d339eaec34d5aa4f6b541547a9ce4,2024-10-30T00:59:33Z,Joe Dart ripping darts,fe6698aef1f34e929722483bd51eb301,Yes
spotify:track:49EXOlUTFBGdI098L6SXDh,That's Where I Am,Surrender,Maggie Rogers,a39e03efa5c24d22885572be9d37cf26,2024-10-30T13:31:18Z,Idk what the theme means but this is a good song,fe6698aef1f34e929722483bd51eb301,Yes
spotify:track:51Grh1RyUDcMBbpuyUIUHI,rises the moon,recently,Liana Flores,65aa52ac1d42438fb744b5655da98f64,2024-10-31T15:46:05Z,I tried to pick a song I think Jim would really like but also encapsulate what I think Jim and I should be doing together which is sipping wine on a terrace in Lyon,fe6698aef1f34e929722483bd51eb301,Yes
spotify:track:57gzVdCA75olmjHXISIs1B,Still Feeling You,COUCH,Couch,ee98d9f243e9431aaa1119050ee7cb87,2024-10-30T00:07:37Z,Jim song,fe6698aef1f34e929722483bd51eb301,Yes
spotify:track:6a00sB0Lhxq6Yk8RjyG894,Coalescence,Risk of Rain,Chris Christodoulou,e580b923dc8f44e78cf35113291d52d5,2024-10-30T00:14:02Z,Shits been stuck in my head for days ,fe6698aef1f34e929722483bd51eb301,Yes
spotify:track:6OmApaLQPqHZL3iI78FOUR,Doctor Worm,Severe Tire Damage,They Might Be Giants,c9be872fd5074ab1b5783d466d3c8dc1,2024-10-30T00:08:29Z,I think my friend jim would like this song,fe6698aef1f34e929722483bd51eb301,Yes
spotify:track:6ZBeRXjadHvBk9VYSnoO0R,You Don't Mess Around with Jim,You Don't Mess Around With Jim,Jim Croce,b83d73a9109442c2ac4623235fe4a53a,2024-10-30T05:30:22Z,,fe6698aef1f34e929722483bd51eb301,No
spotify:track:7Cn3qVIokJ9ljscjexzAWr,Coral Crown,Coral Crown,"Darren Korb, Erin Yvette, Ashley Barrett, Judy Alice Lee",362908667d1d4abbb9ad1aef12ef16cf,2024-10-30T00:29:11Z,"I know Jim is a Hades music enjoyer so here is a sneak peak of Hades II music

Also, Darren Korb always goes hard and Ashley Barrett has an amazing voice in general",fe6698aef1f34e929722483bd51eb301,Yes
spotify:track:0bHA0XhRYk80y4vyB3K0qV,Groovin' On Claremont,Groovin' On Claremont,"Righteous Rooster, Kenny Reichert, Henry Dickhoff, Luke Sagadin",15bf2a4d72b347cebc478fb102de1c25,2024-11-05T02:08:02Z,Shoutout to my coworker's son who is on the organ in this song,66de78b0c7e340ffa511280457e803e6,Yes
spotify:track:1g3Bc80hioYOSitxntNQYi,This Is Berk,How To Train Your Dragon (Music From The Motion Picture),John Powell,ee98d9f243e9431aaa1119050ee7cb87,2024-11-05T14:49:29Z,One of the best soundtracks of all time and I will throw hands about it ,66de78b0c7e340ffa511280457e803e6,Yes
spotify:track:2YQtAJisZ4oXd3qVK6CyEA,Miasma,Prequelle,Ghost,c9be872fd5074ab1b5783d466d3c8dc1,2024-11-05T14:54:01Z,When they perform this song live a skeleton pope emerges from a coffin to play the sax solo,66de78b0c7e340ffa511280457e803e6,Yes
spotify:track:46aV6JBEtUDotRqma8QHGP,Infinite,Continuum,Shook,e580b923dc8f44e78cf35113291d52d5,2024-11-05T01:13:51Z,The exact amount of melody going on to fill the deflated spot in my brain where contentedness normally goes ,66de78b0c7e340ffa511280457e803e6,No
spotify:track:5ehkfTYvoY3c6tQiTsnOWz,Finger (Audiotree Live Version),Elephant Gym on Audiotree Live,Elephant Gym,65aa52ac1d42438fb744b5655da98f64,2024-11-05T14:54:04Z,·òõ‚Å†‚ÅêÃ§‚Å†·ïê‚Å†·ê∑,66de78b0c7e340ffa511280457e803e6,Yes
spotify:track:5ZSAdkQb23NPIcUGt6exdm,Cantina Band,Star Wars: A New Hope (Original Motion Picture Soundtrack),"John Williams, London Symphony Orchestra",ba1d339eaec34d5aa4f6b541547a9ce4,2024-11-05T14:30:31Z,I simply have to submit the all time highest grossing instrumental song of all time.  Only instrumental song to go platinum.  Sold 2 million units.  Topped billboard charts for two weeks at #1.  Really powerful stuff here.,66de78b0c7e340ffa511280457e803e6,Yes
spotify:track:75QdM3nsnAluOD19G1J4il,Bias,Crush,Floating Points,1b0c80b1a93d4a32b374c2e8e2216fc0,2024-11-05T05:11:56Z,,66de78b0c7e340ffa511280457e803e6,No
spotify:track:7B6ZD4YdBrxdMsgCKBtTHa,Placid Acid,Tourist,Tourist,362908667d1d4abbb9ad1aef12ef16cf,2024-11-07T01:18:13Z,We vibe,66de78b0c7e340ffa511280457e803e6,Yes
spotify:track:08kB9HSfrcIi83rymwgjMz,Weapon of Choice,The Greatest Hits: Why Try Harder,Fatboy Slim,ee98d9f243e9431aaa1119050ee7cb87,2024-11-12T02:15:53Z,"https://youtu.be/wCDIYvFmgW8?si=JG2RuZILC-By2kdl

Big ‚Äúcousin showed this song to me‚Äù energy (probably because my cousin showed it to me)",f831ec3f88a2444ba3f5f3674d019a15,Yes
spotify:track:0FPrWmFIS7jMxoiYkVk5nV,Private Life,Nothing To Fear,Oingo Boingo,c9be872fd5074ab1b5783d466d3c8dc1,2024-11-12T02:35:37Z,https://youtu.be/yuxss1kBQWw?si=3lTCXjQLnFp___rK,f831ec3f88a2444ba3f5f3674d019a15,Yes
spotify:track:2Bz2Q1JNwwPj40T9AvzE7f,Make Some Noise,Hot Sauce Committee (Pt. 2),Beastie Boys,1b0c80b1a93d4a32b374c2e8e2216fc0,2024-11-12T18:55:11Z,See how many actors you recognize in this vid: https://youtu.be/WdgLMslbDuY?si=xIdl8N3qXffQIEs-,f831ec3f88a2444ba3f5f3674d019a15,Yes
spotify:track:3S2R0EVwBSAVMd5UMgKTL0,Thriller,Thriller 25 Super Deluxe Edition,Michael Jackson,e580b923dc8f44e78cf35113291d52d5,2024-11-12T04:03:24Z,"and decades later we're still getting flash mobs doing this dance
https://www.youtube.com/watch?v=sOnqjkJTMaA",f831ec3f88a2444ba3f5f3674d019a15,Yes
spotify:track:41uNOzNbVyj6j7zO8iycU7,Blue Song,Dancehall Places,Mint Royale,ba1d339eaec34d5aa4f6b541547a9ce4,2024-11-12T03:46:24Z,A music video so iconic Edgar wright just ended up making it into a feature film later in his career.,f831ec3f88a2444ba3f5f3674d019a15,Yes
spotify:track:4PTG3Z6ehGkBFwjybzWkR8,Never Gonna Give You Up,Whenever You Need Somebody,Rick Astley,362908667d1d4abbb9ad1aef12ef16cf,2024-11-12T03:42:24Z,"https://www.youtube.com/watch?v=dQw4w9WgXcQ
",f831ec3f88a2444ba3f5f3674d019a15,Yes
spotify:track:52ooD6LHuXFubM6d1CDD93,YEAH RIGHT,BALLADS 1,Joji,65aa52ac1d42438fb744b5655da98f64,2024-11-15T00:19:18Z,ass ass ass  https://youtu.be/tG7wLK4aAOE?si=O_9Kxdz_wHTprh2D ,f831ec3f88a2444ba3f5f3674d019a15,Yes
spotify:track:6NvRxjfYkkT2SpirAlmsjH,No One Knows,Songs For The Deaf,Queens of the Stone Age,15bf2a4d72b347cebc478fb102de1c25,2024-11-12T02:08:28Z,"Featuring Dave Grohl and an animatronic deer
https://youtu.be/s88r_q7oufE?si=GEhqV-uzZL3_Etoe",f831ec3f88a2444ba3f5f3674d019a15,Yes
spotify:track:0AIlxnJ1kFpu6wp89rjjUv,Carry Me,"So Long, See You Tomorrow",Bombay Bicycle Club,ba1d339eaec34d5aa4f6b541547a9ce4,2024-11-19T00:55:34Z,This bass riff pops into my head once a week at least.  Also this song truly gives me away.,bf8e9573c7ce439298720484fb0037c4,Yes
spotify:track:1Aw11VVqQ8sYC8Q4DCzvzb,How to Fragrance,How to Fragrance,Jeremy Fragrance,65aa52ac1d42438fb744b5655da98f64,2024-11-21T23:15:50Z,Some bass brought to you by the #1 fragrance icon that follows the teachings of Jesus ,bf8e9573c7ce439298720484fb0037c4,Yes
spotify:track:3h5IIiL9vK5aR0DZO6jD7D,Closer,Chapter One,"Lemaitre, Jennie A.",362908667d1d4abbb9ad1aef12ef16cf,2024-11-21T17:09:33Z,Bass ,bf8e9573c7ce439298720484fb0037c4,Yes
spotify:track:3hNvwpp9IQKuEBFyUuAIGN,Trigger Finger,Trigger Finger,ZULI,1b0c80b1a93d4a32b374c2e8e2216fc0,2024-11-19T16:34:29Z,,bf8e9573c7ce439298720484fb0037c4,No
spotify:track:3prlbHPeEgLmUihLu5twTc,Acid Mountain,Acid Mountain,Moon Hooch,15bf2a4d72b347cebc478fb102de1c25,2024-11-21T04:08:06Z,Yeah idk,bf8e9573c7ce439298720484fb0037c4,Yes
spotify:track:5Wxlkp4WxVOtLpExENh8Y3,Trackhawk,The Secret Lies With Charlotte 2,BBY GOYARD,75115751e4aa44d695431d75a3e2da68,2024-11-20T14:54:24Z,,bf8e9573c7ce439298720484fb0037c4,Yes
spotify:track:5YnS9oWrGcwf1tgode1F7z,You Might Think He Loves You for Your Money but I Know What He Really Loves You for It's Your Brand New Leopard Skin Pillbox Hat,Government Plates,Death Grips,c9be872fd5074ab1b5783d466d3c8dc1,2024-11-19T16:27:57Z,This one isn't getting many votes hehe,bf8e9573c7ce439298720484fb0037c4,Yes
spotify:track:5yuzTsgXe97MkNVNHtHic1,Lion,Lion,Saint Mesa,e580b923dc8f44e78cf35113291d52d5,2024-11-19T01:04:19Z,Some mornings I can sing the bass to this,bf8e9573c7ce439298720484fb0037c4,No
spotify:track:7da5B9d2oVV16YSzXVxmrR,Brand New Key,Gather Me,Melanie,b83d73a9109442c2ac4623235fe4a53a,2024-11-21T05:49:46Z,Hehahahe,bf8e9573c7ce439298720484fb0037c4,No
spotify:track:7eF3dJkzVylpvNwFGTtt7O,Night Rider (feat. Phoebe Ray),Monstercat - Best of 2012,"Draper, Phoebe Ray",ee98d9f243e9431aaa1119050ee7cb87,2024-11-21T19:51:40Z,,bf8e9573c7ce439298720484fb0037c4,No
spotify:track:2XeQTWqEaYeFDuEWAFcbT6,You Could Be My Ex,Not so Easy,4 Point 0,ee98d9f243e9431aaa1119050ee7cb87,2024-11-27T14:47:11Z,It‚Äôs time,fa20e6135105498ea7dec7cb5ac49ef6,Yes
spotify:track:2zKsK0emRJRgO5bzrtlfI2,July,Mutual Friends (Bonus Track Version),BOY,de815f0fc5dd4b7cbf01304fe884f7e5,2024-11-26T03:04:04Z,If a hug was a song ü•π ,fa20e6135105498ea7dec7cb5ac49ef6,Yes
spotify:track:37IRXXvOKvzHmwU3sJPhJd,Benny Goodman,Voyeur,Saint Motel,362908667d1d4abbb9ad1aef12ef16cf,2024-11-27T17:40:20Z,"Bonus: besides horns, it also samples a clarinet lick from ""Why Don't You Do Right"" by Benny Goodman and Peggy Lee",fa20e6135105498ea7dec7cb5ac49ef6,Yes
spotify:track:3BSPKTravgBDjmuG1rIXvw,BLOODY STREAM,BLOODY STREAM,Coda,e580b923dc8f44e78cf35113291d52d5,2024-11-27T14:55:29Z,Those of you who I‚Äôve been talking to about this track will know,fa20e6135105498ea7dec7cb5ac49ef6,Yes
spotify:track:4CvWCw186MTiSFbpEiZODS,Fantastic Planet,Planet Pimp,SOIL & ‚ÄúPIMP‚Äù SESSIONS,15bf2a4d72b347cebc478fb102de1c25,2024-11-26T02:51:33Z,Trumpet straight to the goddamn face,fa20e6135105498ea7dec7cb5ac49ef6,Yes
spotify:track:4iyH37AHAkYK1MVhveeqcm,Dreamflower,Tarika Blue,Tarika Blue,65aa52ac1d42438fb744b5655da98f64,2024-11-27T17:13:08Z,,fa20e6135105498ea7dec7cb5ac49ef6,No
spotify:track:4XYsx8ga3fGwEFOOcauPZC,Return of the Tres,Merry Go Round,Delinquent Habits,1b0c80b1a93d4a32b374c2e8e2216fc0,2024-11-26T05:52:09Z,,fa20e6135105498ea7dec7cb5ac49ef6,No
spotify:track:6ewN9MaFbi78oDLT9wYDgn,Ghost Town,"Stereo-Typical: A's, B's & Rarities",The Specials,b83d73a9109442c2ac4623235fe4a53a,2024-11-26T02:12:00Z,,fa20e6135105498ea7dec7cb5ac49ef6,No
spotify:track:7CdGO6KJg20UAAXl7CW8q6,New Direction,Start Today,Gorilla Biscuits,75115751e4aa44d695431d75a3e2da68,2024-11-27T19:02:31Z,It do have a horn tho ,fa20e6135105498ea7dec7cb5ac49ef6,No
spotify:track:7kGb8gY1YY7bfJrlj682nX,Father,The Front Bottoms,The Front Bottoms,c9be872fd5074ab1b5783d466d3c8dc1,2024-11-26T02:24:35Z,The greatest Front Bottoms song ever bb,fa20e6135105498ea7dec7cb5ac49ef6,Yes
spotify:track:2jjXzs4XS9Kcmf9iSUbYuU,Perth,Playground,Kink,1b0c80b1a93d4a32b374c2e8e2216fc0,2024-12-05T18:04:28Z,A dope techno producer from Bulgaria,e410525715404b5cba75d5a373f13b83,Yes
spotify:track:3WAxzrILe3WyStOePF61w6,Bad luck,ITEKOMA HITS,Otoboke Beaver,de815f0fc5dd4b7cbf01304fe884f7e5,2024-12-05T04:12:25Z,,e410525715404b5cba75d5a373f13b83,No
spotify:track:49iZj8797mUKZFZeiPLqmh,YUNG SHERMAN (feat. Yung Sherman),Cold Visions,"Bladee, Yung Sherman",c9be872fd5074ab1b5783d466d3c8dc1,2024-12-04T21:59:12Z,"That's right baby no escaping the drain gang, these boys are from sweden",e410525715404b5cba75d5a373f13b83,Yes
spotify:track:4pXk7NbrNBsv8D79C3198o,"L'h√¥tel particulier - Bande originale du film ""Melody Nelson""",Monsieur Gainsbourg Originals,Serge Gainsbourg,b83d73a9109442c2ac4623235fe4a53a,2024-12-04T20:35:16Z,,e410525715404b5cba75d5a373f13b83,No
spotify:track:4TqmTBSWsZXMj3LouLEvXn,Cupid,The Beginning,FIFTY FIFTY,ee98d9f243e9431aaa1119050ee7cb87,2024-12-05T23:21:54Z,,e410525715404b5cba75d5a373f13b83,No
spotify:track:5lKnZbdGCBViitE1Ce5TZh,Supernova,Armageddon - The 1st Album,aespa,362908667d1d4abbb9ad1aef12ef16cf,2024-12-05T17:21:06Z,One of Chaebin's favorite songs,e410525715404b5cba75d5a373f13b83,No
spotify:track:6D2aYokxHoC0pr5L47SOBB,Mais Non - 1920 Version,Mais Non (1920 Version),Klisch√©e,e580b923dc8f44e78cf35113291d52d5,2024-12-04T01:36:57Z,,e410525715404b5cba75d5a373f13b83,No
spotify:track:74X2u8JMVooG2QbjRxXwR8,Perfect Night,Perfect Night,LE SSERAFIM,ba1d339eaec34d5aa4f6b541547a9ce4,2024-12-05T04:12:12Z,I almost did a Canadian song but I felt like with UK and US outlawed Canada was outlawed in spirit.,e410525715404b5cba75d5a373f13b83,Yes
spotify:track:7F25UJ2dIYM6ZfyexnBjMa,Faceless,Melodies Of Atonement,Leprous,15bf2a4d72b347cebc478fb102de1c25,2024-12-04T14:14:49Z,üá≥üá¥üá≥üá¥üá≥üá¥,e410525715404b5cba75d5a373f13b83,Yes
spotify:track:7wgnq5xJ4elWgKBASBKbZt,Red Bottom Sky,Stranger,Yung Lean,75115751e4aa44d695431d75a3e2da68,2024-12-05T23:31:20Z,My goat from Sweden,e410525715404b5cba75d5a373f13b83,No
spotify:track:7z2UYEVd9vOdTuTM5IIdgD,–ù–∏–≥–¥–µ,–£—Å–ª–æ–≤–Ω–æ–µ –±–ª–∞–≥–æ–ø–æ–ª—É—á–∏–µ,–ü–æ–∂–∞—Ä—ã –ü–æ–∂–∞—Ä—ã,65aa52ac1d42438fb744b5655da98f64,2024-12-06T00:19:43Z,I tried searching for some European emo but admittedly most of it is either trash or Midwest emo which is not what I was searching for and I stumbled across a Russian artist that sounds a lot like penfold which is an emo band from the 90's that rocks. These guys are from the Republic of Karelia in Russia which was the area annexed by the Soviet Union from Finland after the winter war in 1940,e410525715404b5cba75d5a373f13b83,Yes
spotify:track:0FDY2EHOv32kUoqplU1hdY,Diggy Diggy Hole,Wintersaga,Wind Rose,15bf2a4d72b347cebc478fb102de1c25,2024-12-10T01:17:31Z,Well I am 5'7,813f48bf805e4c8ba5b6c8e4443cce44,Yes
spotify:track:1izvrCbd0C75ScVDI6uVOl,Start Today,Start Today,Gorilla Biscuits,c9be872fd5074ab1b5783d466d3c8dc1,2024-12-11T19:53:32Z,"Procrastinate, it can wait, I put it off
Let's start today",813f48bf805e4c8ba5b6c8e4443cce44,Yes
spotify:track:2RlgNHKcydI9sayD2Df2xp,Mr. Blue Sky,Out of the Blue,Electric Light Orchestra,362908667d1d4abbb9ad1aef12ef16cf,2024-12-12T01:50:18Z,"I know most people have heard this, but it fits the prompt so well and it's still great ",813f48bf805e4c8ba5b6c8e4443cce44,Yes
spotify:track:3P5aoR3zhCPJima7HpbssW,I Blew It Off,The Phosphorescent Blues,Punch Brothers,ba1d339eaec34d5aa4f6b541547a9ce4,2024-12-12T00:38:51Z,The most important part of a wake up song is dynamics; to gently wake you up and then get you amped up to get out of bed.,813f48bf805e4c8ba5b6c8e4443cce44,Yes
spotify:track:4FXbM4P3FfSMRcdZN0r6za,Maxine,It's All Red To Me,In 2 Again,75115751e4aa44d695431d75a3e2da68,2024-12-12T15:56:35Z,,813f48bf805e4c8ba5b6c8e4443cce44,No
spotify:track:5qdmxwRkULsZY1BxNvSGx4,Circle of Life with Nants' Ingonyama,The Lion King: Original Broadway Cast Recording,"Tsidii Le Loka, Ensemble - The Lion King, Lebo M., Faca Kulu",de815f0fc5dd4b7cbf01304fe884f7e5,2024-12-12T01:22:26Z,,813f48bf805e4c8ba5b6c8e4443cce44,No
spotify:track:6fvIzrJ6boUDFF19fH4S2s,Gotta Get Up,Nilsson Schmilsson,Harry Nilsson,b83d73a9109442c2ac4623235fe4a53a,2024-12-12T02:34:26Z,Quintessential get up song,813f48bf805e4c8ba5b6c8e4443cce44,Yes
spotify:track:6N4WUdbz6HVKy6u6JX1KqK,Preoccupied,Here Comes The Cowboy,Mac DeMarco,65aa52ac1d42438fb744b5655da98f64,2024-12-12T23:46:24Z,(‚Å†‚Ä¢‚Å†‚Äø‚Å†‚Ä¢‚Å†),813f48bf805e4c8ba5b6c8e4443cce44,Yes
spotify:track:6RXgFGKsMvPqiRZ9BC1H6D,Asphodel Mansions,Seven Horses For Seven Kings,Black To Comm,1b0c80b1a93d4a32b374c2e8e2216fc0,2024-12-12T18:09:09Z,Gotta start my day off right :),813f48bf805e4c8ba5b6c8e4443cce44,Yes
spotify:track:7L1pVDaAATmhv0swJh1B56,Your New Morning Alarm,Your New Morning Alarm,Marc Rebillet,e580b923dc8f44e78cf35113291d52d5,2024-12-10T01:10:00Z,Bottom text,813f48bf805e4c8ba5b6c8e4443cce44,Yes
spotify:track:0Bs0hUYxz7REyIHH7tRhL2,Helter Skelter - Remastered 2009,The Beatles (Remastered),The Beatles,c9be872fd5074ab1b5783d466d3c8dc1,2024-12-16T17:03:04Z,Cool new band I found. Messed around and made proto punk,d1e21b89754c498886fc9ebfbed0b4b4,Yes
spotify:track:0WNGPpmWqzPnk0psUhJ3SX,All the Young Dudes,All The Young Dudes (Expanded Edition),Mott The Hoople,362908667d1d4abbb9ad1aef12ef16cf,2024-12-16T18:32:20Z,"All the young dudes 
Carry the news 
Boogaloo dudes",d1e21b89754c498886fc9ebfbed0b4b4,Yes
spotify:track:1dsWt8uokdWLJfywmTzTi3,Beer!,We Couldn't Think of a Title,Psychostick,1b0c80b1a93d4a32b374c2e8e2216fc0,2024-12-16T20:36:25Z,,d1e21b89754c498886fc9ebfbed0b4b4,No
spotify:track:1PR3mIMfVdDBvj7CfHQCyG,THE DRAKE,BUMMER,cleopatrick,de815f0fc5dd4b7cbf01304fe884f7e5,2024-12-18T04:25:03Z,Local dude Chris told me to do this one and I like it too,d1e21b89754c498886fc9ebfbed0b4b4,No
spotify:track:1ZozJfi8u9cO2Ob8KwiwNT,Higher,Human Clay,Creed,ba1d339eaec34d5aa4f6b541547a9ce4,2024-12-16T17:29:12Z,"If you‚Äôve ever been drunk as fuck with 10 like minded individuals, you get it",d1e21b89754c498886fc9ebfbed0b4b4,Yes
spotify:track:2FZ0yrA5aPClG5ZPBlV7n4,Sweet Leaf - 2014 Remaster,Master of Reality (2014 Remaster),Black Sabbath,75115751e4aa44d695431d75a3e2da68,2024-12-18T16:49:04Z,"This is the best cock rock riff ever written, these dudes rock therefore dudes rock.",d1e21b89754c498886fc9ebfbed0b4b4,No
spotify:track:2H82AQCQNc4TH2yVcYKIID,Cowboy Song,Jailbreak (Deluxe Edition),Thin Lizzy,b83d73a9109442c2ac4623235fe4a53a,2024-12-16T23:23:57Z,Dudes roCK,d1e21b89754c498886fc9ebfbed0b4b4,No
spotify:track:2TqfK2N1kFoX7OySPCB7pQ,Catalina Fight Song,Never Hungover Again,Joyce Manor,e580b923dc8f44e78cf35113291d52d5,2024-12-16T18:27:38Z,suckin titty by the ocean,d1e21b89754c498886fc9ebfbed0b4b4,Yes
spotify:track:4n4x9tHhgUT4BoVhBWMqav,ON THE MOVE,„Ç™„É≥„Éª„Ç∂„Éª„É†„Éº„É¥,Jun Fukamachi,15bf2a4d72b347cebc478fb102de1c25,2024-12-16T17:07:07Z,Glizzy on the album art that rocks,d1e21b89754c498886fc9ebfbed0b4b4,Yes
spotify:track:5oBarQJHCnHLzyezz0XzFx,Two Beers In,Those Days Are Gone,Free Throw,65aa52ac1d42438fb744b5655da98f64,2024-12-19T21:30:04Z,,d1e21b89754c498886fc9ebfbed0b4b4,No
spotify:track:079xRk9N70NzB2vF0oMRRj,Lake Pontchartrain,"You're Awful, I Love You",Ludo,ba1d339eaec34d5aa4f6b541547a9ce4,2024-12-24T04:57:37Z,"Halloween has a surprising number of bangers,  and in my eyes a good song tells a fun monster story or deals with horror elements regardless of genre or sound.  This is one on my rotation that I don‚Äôt see on a lot of other ones.",fe0ead10290d4a8ab01ab100a6aa1060,Yes
spotify:track:1wyVyr8OhYsC9l0WgPPbh8,Bela Lugosi's Dead (Official Version),The Bela Session,Bauhaus,c9be872fd5074ab1b5783d466d3c8dc1,2024-12-24T16:25:10Z,It's a shame Bela Lugosi didn't live to hear Bela Lugosi's Dead but I understand why it had to happen in that order,fe0ead10290d4a8ab01ab100a6aa1060,Yes
spotify:track:2QN9zL3SzXdGqqmXO68gFp,Somebody's Watching Me - Single Version,Somebody‚Äôs Watching Me (Sped Up),Rockwell,e580b923dc8f44e78cf35113291d52d5,2024-12-25T03:45:13Z,,fe0ead10290d4a8ab01ab100a6aa1060,Yes
spotify:track:3hnA5W1MoYbCEJUh0vB81X,A Devil Among The Tailors,In / Casino / Out,At the Drive-In,65aa52ac1d42438fb744b5655da98f64,2024-12-26T21:36:51Z,Phoning this one in it got devil in name and evil guitar sound close enough,fe0ead10290d4a8ab01ab100a6aa1060,Yes
spotify:track:4dRBLORJbxTdRKqMpygLSd,When He Died,Spirit Phone,Lemon Demon,ee98d9f243e9431aaa1119050ee7cb87,2024-12-24T01:06:59Z,Neil Cicierega,fe0ead10290d4a8ab01ab100a6aa1060,Yes
spotify:track:4TLRzw5KjDW6FdcDO0JnaG,"Spooky, Scary Skeletons - Undead Tombstone Remix","Spooky, Scary Skeletons Plus More Fun & Scary Music",Andrew Gold,15bf2a4d72b347cebc478fb102de1c25,2024-12-24T01:03:26Z,The classique,fe0ead10290d4a8ab01ab100a6aa1060,Yes
spotify:track:4xgc11I8hK46psl0kZ65tu,Mangled,Mangled,NateWantsToBattle,de815f0fc5dd4b7cbf01304fe884f7e5,2024-12-26T01:19:37Z,Yes this is fnaf. I like the acoustic version better tbh but this is good too,fe0ead10290d4a8ab01ab100a6aa1060,Yes
spotify:track:5PZcJi7DDJs9NhZugIb6iI,Lean Got Me Fucked Up,Mista Thug Isolation,Lil Ugly Mane,1b0c80b1a93d4a32b374c2e8e2216fc0,2024-12-25T14:52:54Z,,fe0ead10290d4a8ab01ab100a6aa1060,No
spotify:track:63ped7sDHMOrqMFMBCTPw5,In The Room Where You Sleep,Dead Man's Bones,Dead Man's Bones,362908667d1d4abbb9ad1aef12ef16cf,2024-12-27T00:31:15Z,,fe0ead10290d4a8ab01ab100a6aa1060,Yes
spotify:track:7oqOfzfApvTKowPZOA8pKE,Demon Infested Tomb,Millions Of Tortured Souls,Exsanguinated,75115751e4aa44d695431d75a3e2da68,2024-12-26T21:48:03Z,,fe0ead10290d4a8ab01ab100a6aa1060,No
spotify:track:1Fhb9iJPufNMZSwupsXiRe,beside you,beside you,keshi,e580b923dc8f44e78cf35113291d52d5,2024-12-31T02:30:24Z,"I‚Äôd like to thank the academy (Becky, Carl, Matt, Vic) for this submission",44aca75fa7e74c1992e6e926c1cb2700,No
spotify:track:1LzNfuep1bnAUR9skqdHCK,Fade Into You,So Tonight That I Might See,Mazzy Star,362908667d1d4abbb9ad1aef12ef16cf,2025-01-03T00:40:18Z,This I do actually think would be good on a sex playlist. Chill slow background music with intimate vibes.,44aca75fa7e74c1992e6e926c1cb2700,Yes
spotify:track:1QgLpUJsmrLG61KDVGT0Ux,Josie,Aja,Steely Dan,15bf2a4d72b347cebc478fb102de1c25,2024-12-31T00:51:25Z,Steely Dan is sexy and I have the paperwork to prove it,44aca75fa7e74c1992e6e926c1cb2700,Yes
spotify:track:1ycz5DvATLtmn2pOU8u38C,Be My Druidess,October Rust (Special Edition),Type O Negative,75115751e4aa44d695431d75a3e2da68,2024-12-31T21:27:50Z,,44aca75fa7e74c1992e6e926c1cb2700,No
spotify:track:1ypyADOvHW7DfC6REYlm56,What's Left to Give,Introducing the Whatnauts,The Whatnauts,65aa52ac1d42438fb744b5655da98f64,2024-12-31T20:06:56Z,This track has been known to nullify contraceptives ,44aca75fa7e74c1992e6e926c1cb2700,Yes
spotify:track:2WkX1fhD8T5U8TjFz3IaGI,I Told You I Was Freaky,I Told You I Was Freaky,Flight of the Conchords,b83d73a9109442c2ac4623235fe4a53a,2024-12-31T17:20:47Z,For real freaks only,44aca75fa7e74c1992e6e926c1cb2700,Yes
spotify:track:3X7wVYr4XpzGgoXmQVnrJo,Give It Up 2 Me,B4 I Breakdown,Ojerime,1b0c80b1a93d4a32b374c2e8e2216fc0,2024-12-31T16:23:14Z,,44aca75fa7e74c1992e6e926c1cb2700,No
spotify:track:4xlpJ99yL9xYQtzG6c3hwk,Luv(sic.) pt3 (feat. Shing02),Modal Soul,"Nujabes, Shing02",c9be872fd5074ab1b5783d466d3c8dc1,2024-12-31T21:44:41Z,"Modal soul is a prime throw it on album, and an all time classic, not my favorite song off it but it's for luv",44aca75fa7e74c1992e6e926c1cb2700,Yes
spotify:track:5jLMFDMUkGpzIgPF2sxWkB,"I Love You, Honeybear","I Love You, Honeybear",Father John Misty,ba1d339eaec34d5aa4f6b541547a9ce4,2025-01-01T16:18:39Z,"I don‚Äôt really listen to music during sex, so I instead chose an oppressively horny song about the apocalypse.  Scroll to the Spotify lyrics for this one.",44aca75fa7e74c1992e6e926c1cb2700,Yes
spotify:track:5TgEJ62DOzBpGxZ7WRsrqb,Work Song,Hozier (Expanded Edition),Hozier,ee98d9f243e9431aaa1119050ee7cb87,2024-12-31T17:11:30Z,I‚Äôve had multiple partners tell me they wanted to make out to this song. Mr. Hozier just has a wonderful deep voice ,44aca75fa7e74c1992e6e926c1cb2700,Yes
spotify:track:7dFcP5EbR1nVtM27YnSjG7,Toro,Big Ideas,Remi Wolf,de815f0fc5dd4b7cbf01304fe884f7e5,2024-12-31T04:50:40Z,Less a sexy song and more a fun song about sex,44aca75fa7e74c1992e6e926c1cb2700,Yes
spotify:track:7obe8UuHv5wSDaNZh93Kvk,"Give Me Your Fire, Give Me Your Rain",On the Corner Where You Live,The Paper Kites,caae1a9f32c34ee09352f83a98bcd903,2024-12-31T02:26:07Z,"corndog song

but hey I can't be afraid to be corny when I was born on the cob",44aca75fa7e74c1992e6e926c1cb2700,Yes
spotify:track:086THPnabbu1zfDjRsxpoN,MONEY ON THE DASH - SPED UP,MONEY ON THE DASH,"Elley Duh√©, Whethan",ba1d339eaec34d5aa4f6b541547a9ce4,2025-01-08T15:03:27Z,Song so damn groovy I didn‚Äôt realize that the walk sign had ended,66f8ef4e9e564654a26ffccc2ef83390,Yes
spotify:track:0peFowXoPhOglTVWUXtGF2,"Numb, But I Still Feel It",Floral Green,Title Fight,65aa52ac1d42438fb744b5655da98f64,2025-01-09T20:36:37Z,,66f8ef4e9e564654a26ffccc2ef83390,No
spotify:track:0YoYJw5URPqnGdOSnpeNnT,United Health,United Health,Jesse Welles,362908667d1d4abbb9ad1aef12ef16cf,2025-01-09T21:50:40Z,"US Health insurance makes me want to walk into traffic, but I can't afford to. Because, ya know, US Health insurance",66f8ef4e9e564654a26ffccc2ef83390,Yes
spotify:track:1hYlQdxVur4mOVpG4xlO9e,G.M. Vincent And I,Symptoms + Cures,Comeback Kid,c9be872fd5074ab1b5783d466d3c8dc1,2025-01-08T03:26:49Z,The song is about a traumatic car wreck and it will make you want to kick side mirrors off other people's car,66f8ef4e9e564654a26ffccc2ef83390,Yes
spotify:track:25YlltWXRb9k7KbrEBRuhJ,Lo/Hi,"""Let's Rock""",The Black Keys,ee98d9f243e9431aaa1119050ee7cb87,2025-01-10T00:11:14Z,This song has evil vibes for me. Used to play constantly at my old job,66f8ef4e9e564654a26ffccc2ef83390,Yes
spotify:track:2SGjJdLuSIvyVB5eXAJXm7,"We All Country (feat. Colt Ford, Sarah Ross & Charlie Farley)",Calicountry,"Moonshine Bandits, Colt Ford, Sarah Ross, Charlie Farley",75115751e4aa44d695431d75a3e2da68,2025-01-08T20:46:41Z,This is a crime,66f8ef4e9e564654a26ffccc2ef83390,No
spotify:track:4Ra8oe9lrIYpVYpfImS3PD,Funeral for a Firefly,On the Eve of a Goodbye,The Reticent,15bf2a4d72b347cebc478fb102de1c25,2025-01-07T03:45:02Z,"For background the entire album is the singer's personal account of a close friends suicide. This song comes after sixty minutes of really quite heavy subject matter. With this recorded in a single take you can hear him essentially sobbing between verses and holy fuck it hits like a dump truck. So this is a warning too I guess

I guess someone I know is now someone I knew ",66f8ef4e9e564654a26ffccc2ef83390,Yes
spotify:track:4xdHYYGFGtQMQdRo6OhOOQ,DREAMS COME TRUE,DREAMS COME TRUE 2019,Black Dresses,1b0c80b1a93d4a32b374c2e8e2216fc0,2025-01-08T00:43:22Z,,66f8ef4e9e564654a26ffccc2ef83390,No
spotify:track:500G3gVwV5vrP2DWhOF7Tw,Seven Words,Front Row Seat to Earth,Weyes Blood,b83d73a9109442c2ac4623235fe4a53a,2025-01-08T21:00:34Z,This was a tough pick but this song really hit in tough times,66f8ef4e9e564654a26ffccc2ef83390,Yes
spotify:track:5zuTDPOxyqmcxxzvyVozJK,Valkyrie,Polygon,Battle Tapes,e580b923dc8f44e78cf35113291d52d5,2025-01-07T01:57:14Z,,66f8ef4e9e564654a26ffccc2ef83390,No
spotify:track:63zNpi8U1NSTCSgS5nsTJq,Agoraphobia,Punch,Autoheart,de815f0fc5dd4b7cbf01304fe884f7e5,2025-01-09T20:04:31Z,I'm going with the sad song prompt interpretation ,66f8ef4e9e564654a26ffccc2ef83390,Yes
spotify:track:6uZ5UocfzmbxWdEqJ87Z5E,Morphine,School Of Death,Coakira,caae1a9f32c34ee09352f83a98bcd903,2025-01-07T03:07:06Z,yeah well,66f8ef4e9e564654a26ffccc2ef83390,Yes
spotify:track:0kWJi1IrbtYJnd8b3JXOji,Evigheten,Evigheten,"Abidaz, Yung Lean",75115751e4aa44d695431d75a3e2da68,2025-01-14T21:10:18Z,,c3b5dbbe448645b4b6973e9b8694ff83,No
spotify:track:1f7l6tzcBAU9CPvYBBBdBS,"Fifi - Jata Kahan Hai Deewane (From ""Bombay Velvet"")","Fifi - Jata Kahan Hai Deewane (From ""Bombay Velvet"") - Single",Suman Sridhar,e580b923dc8f44e78cf35113291d52d5,2025-01-14T01:20:26Z,You already know ,c3b5dbbe448645b4b6973e9b8694ff83,Yes
spotify:track:34AGMBctkZUdokuoDIJ5ST,Where Were You on 9/11?,Where Were You on 9/11?,Haram,ba1d339eaec34d5aa4f6b541547a9ce4,2025-01-16T01:25:01Z,Arab American Nadar Haram grew up in NYC in the late 90‚Äôs to early 00‚Äôs.  I can‚Äôt imagine what brought him to the Hardcore scene.,c3b5dbbe448645b4b6973e9b8694ff83,Yes
spotify:track:3gAXVQOR0h7Ks71lsr5MFZ,Animal Farm,Animal Farm,BIBI,362908667d1d4abbb9ad1aef12ef16cf,2025-01-16T21:08:22Z,"I picked this song for its absolutely wild music video, you should watch it cuz it goes hard as hell.

https://www.youtube.com/watch?v=hVLRky1hGfk

There is some Korenglish in this song but it counts",c3b5dbbe448645b4b6973e9b8694ff83,Yes
spotify:track:4OQq1bcP12GQQXJNupxqfR,again,HOLIDAYS IN THE SUN,YUI,de815f0fc5dd4b7cbf01304fe884f7e5,2025-01-16T23:06:08Z,Anime openers for the win ü§∑‚Äç‚ôÄÔ∏è,c3b5dbbe448645b4b6973e9b8694ff83,No
spotify:track:5gXKwH68RrWzpf6DdPa3vM,Cheval,Savage Sinusoid,Igorrr,15bf2a4d72b347cebc478fb102de1c25,2025-01-14T01:18:48Z,This one goes out to y'all ,c3b5dbbe448645b4b6973e9b8694ff83,Yes
spotify:track:5oiueCPkJCU9wCmQO5HDTj,Na boca do sol,Arthur Verocai,Arthur Verocai,1b0c80b1a93d4a32b374c2e8e2216fc0,2025-01-16T15:21:04Z,BRASIL N√öMERO 1 CAMPE√ÉO PENTA ‚òùÔ∏èü•áüèÜ,c3b5dbbe448645b4b6973e9b8694ff83,Yes
spotify:track:6idZRXQ1eaoZgjyt0swyvA,Quand Vas Tu Rentrer,Melody's Echo Chamber,Melody's Echo Chamber,a748e3edc73442028fe6f3c6f6dbafd9,2025-01-16T16:10:12Z,"french class description: cette chanson est en fran√ßais. je l‚Äôai √©cout√© depuis l‚Äôuniversit√©, et maintenant je l‚Äô√©coute pendant les voyages avec Jack",c3b5dbbe448645b4b6973e9b8694ff83,No
spotify:track:6W0PqAtbW7fkTRBtmwOwfM,Okay Okay,"Italian Classics: Pino D'Angi√≤ Collection, Vol. 1",Pino D'Angi√≤,b83d73a9109442c2ac4623235fe4a53a,2025-01-16T17:16:12Z,Italo disco >>>>,c3b5dbbe448645b4b6973e9b8694ff83,Yes
spotify:track:6XuxKQ07omGRhAxPl7Ppug,Harder Than Before,Untopia,KRUELTY,c9be872fd5074ab1b5783d466d3c8dc1,2025-01-15T21:26:44Z,Nasty Japanese hardcore ,c3b5dbbe448645b4b6973e9b8694ff83,Yes
spotify:track:0sJhooodTb6GolUmRjJVgX,Plans,Go Getter,Fulton Lee,ee98d9f243e9431aaa1119050ee7cb87,2025-01-23T20:25:55Z,Man the beach would rule rn,0c84996644514554bc787e673e05fb7f,Yes
spotify:track:1mqnUMdBXax8a4iJtbpCcj,"Christmas Eve, Margaritaville",No Hard Feeling,Balto,ba1d339eaec34d5aa4f6b541547a9ce4,2025-01-23T22:48:27Z,"Found this song this week on my release radar, I have listened to one song by them years ago lol",0c84996644514554bc787e673e05fb7f,Yes
spotify:track:46clCWv55EyW1ZlOl796It,Cinderella,Big Ideas,Remi Wolf,de815f0fc5dd4b7cbf01304fe884f7e5,2025-01-23T02:20:14Z,,0c84996644514554bc787e673e05fb7f,No
spotify:track:4JxnkDCDWuxyQDHH0gfko7,Boogie Room Boogie,Boogie Room Boogie / Dreamside,Flavour,b83d73a9109442c2ac4623235fe4a53a,2025-01-23T15:42:10Z,70s bovver vibes,0c84996644514554bc787e673e05fb7f,Yes
spotify:track:4pu58kqegTnOxPNJpY3kr9,Funny Papers,Balloonerism,Mac Miller,362908667d1d4abbb9ad1aef12ef16cf,2025-01-21T01:42:08Z,Posthumously released on 1/17/25,0c84996644514554bc787e673e05fb7f,Yes
spotify:track:6tqgWsn8X6toxh1zZpcbor,IM NOT GOD BUT I WISH I WAS (feat. Joeyy),IM NOT GOD BUT I WISH I WAS (feat. Joeyy),"smokedope2016, Joeyy",75115751e4aa44d695431d75a3e2da68,2025-01-23T14:43:34Z,,0c84996644514554bc787e673e05fb7f,No
spotify:track:6WwEH3oCusoLFiWQC5ZtTe,Midnight Messiah - Radio Edit,Midnight Messiah,Dream Theater,15bf2a4d72b347cebc478fb102de1c25,2025-01-23T14:44:41Z,Virginity restored üòé,0c84996644514554bc787e673e05fb7f,Yes
spotify:track:6yU08oHYvCrQmloa2k6uJq,Perfume,Early Works,Remo Drive,65aa52ac1d42438fb744b5655da98f64,2025-01-23T18:20:37Z,"This song has existed on Bandcamp for years but it's first and only Spotify release was last month. Outplayed, outmaneuvered.",0c84996644514554bc787e673e05fb7f,Yes
spotify:track:7pGFtBjxJv8vzb7t1KbQmk,Bullet,Bullet,Ingrown,c9be872fd5074ab1b5783d466d3c8dc1,2025-01-23T00:27:55Z,Idaho,0c84996644514554bc787e673e05fb7f,Yes
spotify:track:7s0wCxjksOoFTcfp7Ikk3t,Ibiza,Ibiza,Butcher Brown,e580b923dc8f44e78cf35113291d52d5,2025-01-20T23:50:32Z,,0c84996644514554bc787e673e05fb7f,Yes
spotify:track:0m5dYg8PUPEVf8hjXz8QoO,You Can't Live There Forever,Harmlessness,The World Is A Beautiful Place & I Am No Longer Afraid To Die,a39e03efa5c24d22885572be9d37cf26,2025-01-28T01:18:42Z,"I haven‚Äôt done psychedelics so I‚Äôm gonna off what would make me tweak when I‚Äôm absurdly high. 

Idk why but some of the lyrics just make me feel like the world isn‚Äôt real and that freaks me out when I‚Äôm high.

‚ÄúThere‚Äôs tiny worlds inside your mind.
Your fingers are a distant sky you shove into you mouth to block the whole sun out‚Äù",e567aac15fbc40b7acd3711781671b0d,Yes
spotify:track:0WkZQPNC0c7yrsMX1arVAd,The Purple People Eater,The Purple People Eater,Sheb Wooley,a9ab231b40f24cc5a97f7b86625da369,2025-01-28T03:05:21Z,Weird imagery? Weird voices? Let's goooooo,e567aac15fbc40b7acd3711781671b0d,Yes
spotify:track:1DB8s1L4z25jcRw88815ko,Cowboys,Portishead,Portishead,55244cc455614160afabba38cd1d0897,2025-01-29T21:21:14Z,,e567aac15fbc40b7acd3711781671b0d,No
spotify:track:1r9ASoCKSjpvhGrXd7BOU9,So Many People In The Neighborhood,Quebec,Ween,362908667d1d4abbb9ad1aef12ef16cf,2025-01-29T23:06:13Z,This oughta do it. ,e567aac15fbc40b7acd3711781671b0d,Yes
spotify:track:2H2379xRxgQVvcOSoL8Ajr,Somebody's Watching Me,Body By Jake: Randy Couture Workout Mix (BPM 104-144),Rockwell,ee98d9f243e9431aaa1119050ee7cb87,2025-01-28T23:21:28Z,15 minutes can save you 15% or more on car insurance,e567aac15fbc40b7acd3711781671b0d,Yes
spotify:track:2VBjazLY00cdGpKtN8XCGG,F**king With The Altimiter,Bonsai Superstar,Brainiac,65aa52ac1d42438fb744b5655da98f64,2025-01-29T23:57:41Z,,e567aac15fbc40b7acd3711781671b0d,No
spotify:track:3lNHXhvY8AIfpIku5aAbNX,Inflict My Will,Artillery From Heaven,"Contention, Inclination",c9be872fd5074ab1b5783d466d3c8dc1,2025-01-29T22:30:25Z,I dance a lot when I trip and last time I tripped someone suggested we put on music I like. I said if you put this on id actually start destroying things,e567aac15fbc40b7acd3711781671b0d,Yes
spotify:track:4IFmWPR5GbgbCW1tys4rPk,Alfadhirhaiti,Ofnir,Heilung,15bf2a4d72b347cebc478fb102de1c25,2025-01-29T03:36:18Z,"Do you feel that? It's inside your skin. It itches. Why don't you get it out of there? The burning will not stop until you release it. Get it out of there. Keep going, you're almost there. Just keep scratching away",e567aac15fbc40b7acd3711781671b0d,Yes
spotify:track:5dZ8PeKKZJLIQAWNTdp8WX,Revolution 9 - Remastered 2009,The Beatles (Remastered),The Beatles,b83d73a9109442c2ac4623235fe4a53a,2025-01-28T03:50:15Z,"Please listen with headphones: I think this would be nuts bc you'd be like ""oh I'll throw some beatles on"" and then play this shit",e567aac15fbc40b7acd3711781671b0d,No
spotify:track:5mCpBoZKqoV9Vh5iS1LJ6L,Engineer Says,The Psychedelic Swamp,Dr. Dog,ba1d339eaec34d5aa4f6b541547a9ce4,2025-01-30T14:30:01Z,Don‚Äôt really like freak out music so I submitted a psychedelic song by Dr. Dog I like a lot and that I think would probably be a bit concerning (lyrically) on LSD.,e567aac15fbc40b7acd3711781671b0d,Yes
spotify:track:5NG7PSMuYCdebbDDmj0wU9,Door Knocking Sounds,"Calm Pet - Desensitizing Sounds for Animals, Volume 1",Calmsound,e580b923dc8f44e78cf35113291d52d5,2025-01-28T05:52:48Z,Put this on and just insist that you dont hear anything,e567aac15fbc40b7acd3711781671b0d,Yes
spotify:track:5nIiVrvJobvZMlV2clI4Ne,A Perfect Restraint,A Perfect Pain,Merzbow / Genesis P-Orridge,1b0c80b1a93d4a32b374c2e8e2216fc0,2025-01-28T17:18:57Z,This song could be weaponized,e567aac15fbc40b7acd3711781671b0d,Yes
spotify:track:7EcwODwz5kZ2falCQsRc8r,Beans on Pizza,Spreading Rumours (Deluxe),GROUPLOVE,de815f0fc5dd4b7cbf01304fe884f7e5,2025-01-29T06:23:31Z,I've never done psychedelics but I feel like this song would confuse me,e567aac15fbc40b7acd3711781671b0d,Yes
spotify:track:07nZlVQJKB8bNsPqUlrVxv,BBB,BBB,Guerrilla Warfare,55244cc455614160afabba38cd1d0897,2025-02-04T01:33:33Z,hell yeah ,23a4f0582bbc406788ea78383820f364,Yes
spotify:track:0AQquaENerGps8BQmbPw14,Big Iron,Gunfighter Ballads And Trail Songs,Marty Robbins,ba1d339eaec34d5aa4f6b541547a9ce4,2025-02-04T13:24:25Z,Texas Red didn‚Äôt stand a FUCKIN chance,23a4f0582bbc406788ea78383820f364,Yes
spotify:track:14XWxMtz3iJ0vmy5tNebyB,Blood,Blood,ANIMA!,362908667d1d4abbb9ad1aef12ef16cf,2025-02-04T01:10:16Z,Cum cum cum cum ,23a4f0582bbc406788ea78383820f364,Yes
spotify:track:1E29IO6Pv3JB4Sa7ZwVjMk,bunnybunnybunny,bunnybunnybunny,Mietze Conte,1b0c80b1a93d4a32b374c2e8e2216fc0,2025-02-04T17:35:06Z,,23a4f0582bbc406788ea78383820f364,No
spotify:track:27m0fyQj9dmw87OVDPufu2,–í–ø–µ—Ä–µ–¥–∏,Dead Eyes,Volzhanka,65aa52ac1d42438fb744b5655da98f64,2025-02-04T15:47:43Z,This song gives me anime intro vibes this coulda been a golden kamuy intro track ,23a4f0582bbc406788ea78383820f364,Yes
spotify:track:2mgn77UfgYfPvXSRpxpOeg,The Ballad Of Lucy Jordan,Broken English (Deluxe Edition),Marianne Faithfull,b83d73a9109442c2ac4623235fe4a53a,2025-02-05T01:28:47Z,RIP Marianne Faithfull this one's for you,23a4f0582bbc406788ea78383820f364,Yes
spotify:track:3Htx5VpJjmftQjaC3O9Tre,Battles,Singing For Strangers,Hudson Taylor,a9ab231b40f24cc5a97f7b86625da369,2025-02-04T13:19:39Z,,23a4f0582bbc406788ea78383820f364,Yes
spotify:track:3pYDZTJM2tVBUhIRifWVzI,Blow,Cannibal (Expanded Edition),Kesha,caae1a9f32c34ee09352f83a98bcd903,2025-02-04T19:53:17Z,if I'm the only person to submit this song I'll be a little surprised ,23a4f0582bbc406788ea78383820f364,No
spotify:track:3vySowqATYhF3Nn9e4h7sO,Better Than Me,Better Than Me,Awfbeat,e580b923dc8f44e78cf35113291d52d5,2025-02-04T01:10:39Z,,23a4f0582bbc406788ea78383820f364,No
spotify:track:5nHkWjvFgNPTblEuoYYCsf,Broke,Broke,Bear Attack!,de815f0fc5dd4b7cbf01304fe884f7e5,2025-02-04T17:45:13Z,Bonus points for B artist and album name?,23a4f0582bbc406788ea78383820f364,Yes
spotify:track:6p4jnIWFWyLz0zUo2RD9iu,"Baby, You Wouldn't Last A Minute On The Creek",All's Well That Ends Well,Chiodos,c9be872fd5074ab1b5783d466d3c8dc1,2025-02-06T23:25:58Z,"Enough posting hardcore, how about I post hardcore",23a4f0582bbc406788ea78383820f364,Yes
spotify:track:6uEdCKNhsmd5GNqgazTcod,Bones,Bones,The Rills,ee98d9f243e9431aaa1119050ee7cb87,2025-02-05T15:09:50Z,"Bones is an American police procedural drama television series created by Hart Hanson for Fox. It premiered on September 13, 2005, and concluded on March 28, 2017, airing for 246 episodes over 12 seasons. The show is based on forensic anthropology and forensic archaeology, with each episode focusing on a Federal Bureau of Investigation (FBI) case file concerning the mystery behind human remains brought by FBI Special Agent Seeley Booth (David Boreanaz) to Temperance ""Bones"" Brennan (Emily Descha",23a4f0582bbc406788ea78383820f364,Yes
spotify:track:6xMFVgwO79vG614ORJgmiD,Black Rain,Black Rain,Richard Henshall,15bf2a4d72b347cebc478fb102de1c25,2025-02-04T03:17:35Z,My favorite bands have 4+ members who each go off and do their own shit every once in a while. Like oh shit you definitely wrote this part of this song I see you richard,23a4f0582bbc406788ea78383820f364,Yes
spotify:track:1GqRmuG89ILDLcuAdcli6r,The Gnome,The Piper at the Gates of Dawn,Pink Floyd,b83d73a9109442c2ac4623235fe4a53a,2025-02-13T16:54:15Z,Unfortunatly I was never really ashamed of the music I liked.... so I just picked a song I shoulda been ashamed I liked ,45851f7667db45e3845b04d6656af775,Yes
spotify:track:1pr9TZGOXeJUggIal1Wq3R,Blind,Korn,Korn,15bf2a4d72b347cebc478fb102de1c25,2025-02-11T01:10:09Z,I'm tired of pretending nu-metal is cringe,45851f7667db45e3845b04d6656af775,Yes
spotify:track:2Tc9VznHtQUmfOgE3L1RdN,If You Can't Hang,Let's Cheers To This,Sleeping With Sirens,de815f0fc5dd4b7cbf01304fe884f7e5,2025-02-12T16:36:19Z,"I hid my emo kid tendencies, now I'm an emo adult",45851f7667db45e3845b04d6656af775,Yes
spotify:track:2yGxX67YzZWlNni7kSthlm,Red Eye,Dream Your Life Away (Special Edition),Vance Joy,362908667d1d4abbb9ad1aef12ef16cf,2025-02-11T23:42:45Z,"Vance Joy got shit in high school (from dummies like my brother) because Ripetide was so prevalent, but actually his shit rocks. Especially this song, best experienced way too loud while singing along in the car",45851f7667db45e3845b04d6656af775,Yes
spotify:track:3E7ZwUMJFqpsDOJzEkBrQ7,Can't Get You out of My Head,Fever,Kylie Minogue,1b0c80b1a93d4a32b374c2e8e2216fc0,2025-02-12T18:37:56Z,This song was my gateway into dance music when I was around 7 or 8 and I was really embarrassed for liking for some reason lol,45851f7667db45e3845b04d6656af775,Yes
spotify:track:3pgDkYNYH7hMCl5Njib24j,Gold,Smoke + Mirrors (Deluxe),Imagine Dragons,ee98d9f243e9431aaa1119050ee7cb87,2025-02-13T23:12:32Z,Imagine dragon deez nu- *gunshot*,45851f7667db45e3845b04d6656af775,Yes
spotify:track:4fQmT527hxIWOS5Og5J96K,Ten Things,Grand Ledge,Paul Baribeau,65aa52ac1d42438fb744b5655da98f64,2025-02-13T21:53:00Z,Paul baribeau back on Spotify life good,45851f7667db45e3845b04d6656af775,Yes
spotify:track:4kbj5MwxO1bq9wjT5g9HaA,Shut Up and Dance,TALKING IS HARD,WALK THE MOON,a39e03efa5c24d22885572be9d37cf26,2025-02-12T15:16:12Z,I know it‚Äôs super popular but I felt guilty about liking it in my anti-pop phase,45851f7667db45e3845b04d6656af775,No
spotify:track:4vqmSmLC0dbw1UF7mmUDZe,Raised By Wolves,The Drug In Me Is You,Falling In Reverse,55244cc455614160afabba38cd1d0897,2025-02-13T17:28:53Z,"i don't know that i'd say i'm proud of this. what can i say, ronnie radke knows how to write a catchy tune. i'm sorry ",45851f7667db45e3845b04d6656af775,No
spotify:track:4w3tQBXhn5345eUXDGBWZG,9 to 5,9 To 5 And Odd Jobs,Dolly Parton,ba1d339eaec34d5aa4f6b541547a9ce4,2025-02-13T16:56:04Z,,45851f7667db45e3845b04d6656af775,No
spotify:track:6AA6RqfU4eE1ecYMUZUwCu,Moon Light Wave (feat. Ettore Rigotti),Epsilon,Blood Stain Child,c9be872fd5074ab1b5783d466d3c8dc1,2025-02-12T22:56:49Z,"This is a Japanese Melodic death metal band that I randomly started listening to as a kid, i think they are pretty neat these days but its def corny",45851f7667db45e3845b04d6656af775,Yes
spotify:track:77Fi1TxILzooLHOnpO15ET,Spider Girl,Fiber-Optic Radio,Shadrow,e580b923dc8f44e78cf35113291d52d5,2025-02-11T02:50:51Z,this is the most tumblr thing about me by far,45851f7667db45e3845b04d6656af775,No
spotify:track:0BmT0BVnYYggf7V4NCtx2B,For Your Entertainment,For Your Entertainment,Adam Lambert,ee98d9f243e9431aaa1119050ee7cb87,2025-02-20T16:29:22Z,banger,cdf3a7786d0f4be887217ca6675364db,Yes
spotify:track:0ELcJfwAwVM33Zg0f3HLx6,Momma Cried,New Favorite,Alison Krauss & Union Station,1b0c80b1a93d4a32b374c2e8e2216fc0,2025-02-18T02:07:01Z,,cdf3a7786d0f4be887217ca6675364db,No
spotify:track:1F2JdXzAJRfCYNhIelTuVU,H√©matome,Tako Tsubo,L'Imp√©ratrice,65aa52ac1d42438fb744b5655da98f64,2025-02-20T17:10:42Z,Fremch synthwave ,cdf3a7786d0f4be887217ca6675364db,No
spotify:track:24jvD83UgLmrdGjhWTFslY,Video Games,Born To Die - The Paradise Edition,Lana Del Rey,c9be872fd5074ab1b5783d466d3c8dc1,2025-02-20T02:49:20Z,Sarah really likes this song so I like it cuz it makes me think of her,cdf3a7786d0f4be887217ca6675364db,No
spotify:track:2iUXsYOEPhVqEBwsqP70rE,Youngblood,Youngblood (Deluxe),5 Seconds of Summer,55244cc455614160afabba38cd1d0897,2025-02-18T03:57:52Z,og 5sos fan ü´°,cdf3a7786d0f4be887217ca6675364db,No
spotify:track:33KdjUuILigAedfZLLvyQQ,I Don't Want U Back,Blue Madonna,B√òRNS,ba1d339eaec34d5aa4f6b541547a9ce4,2025-02-20T16:31:49Z,,cdf3a7786d0f4be887217ca6675364db,No
spotify:track:34cn9E7VYPGgxuqbQTe4bc,Finish the Job,God's Hate,God's Hate,362908667d1d4abbb9ad1aef12ef16cf,2025-02-18T01:47:56Z,"All these butt faced human pieces of garbage out there walking the earth, who‚Äôs makin 'em?",cdf3a7786d0f4be887217ca6675364db,Yes
spotify:track:52UthFOfrbtnjBMK6jyLqk,Nothing is Safe,There Existed an Addiction to Blood,clipping.,a39e03efa5c24d22885572be9d37cf26,2025-02-18T02:12:02Z,nothing is sacred,cdf3a7786d0f4be887217ca6675364db,Yes
spotify:track:564oa00vY05d1uYnTEAAmE,Herside Story,At What Cost,"GoldLink, Hare Squead",e580b923dc8f44e78cf35113291d52d5,2025-02-18T04:23:57Z,i just like the flow,cdf3a7786d0f4be887217ca6675364db,No
spotify:track:5F4xKMa0RM214QtF3KmomF,Transitive Property,Cult,Bayside,de815f0fc5dd4b7cbf01304fe884f7e5,2025-02-20T22:20:43Z,This may actually be super obvious at this point,cdf3a7786d0f4be887217ca6675364db,Yes
spotify:track:5ZoQ4ZWIP55a1PKha9LoFZ,Maria (I Like It Loud),Jumping All over the World - Whatever You Want,Scooter,15bf2a4d72b347cebc478fb102de1c25,2025-02-18T01:01:23Z,Absolute earworm ,cdf3a7786d0f4be887217ca6675364db,Yes
spotify:track:08l8pWEysCYJ6p1Jsr2wRl,Perverse Termination (Bulb of Force),Dipygus,Dipygus,c9be872fd5074ab1b5783d466d3c8dc1,2025-02-26T19:41:21Z,"Really dope death metal that finally has some music on Spotify, this song has less than 10k plays. Nasty live and they make some fire shirts",0fe5e0c6b8664cc8bd02bb510f3d3360,Yes
spotify:track:10KsiKdQ0gmMwcs9e5SvAu,Hollow,Hollow,What We Embrace,a9ab231b40f24cc5a97f7b86625da369,2025-02-25T11:40:54Z,,0fe5e0c6b8664cc8bd02bb510f3d3360,Yes
spotify:track:1b5i8r4xBaO6LkzmMRuuO2,By Design,By Design,karen.,55244cc455614160afabba38cd1d0897,2025-02-25T01:29:30Z,upstate new york emo ,0fe5e0c6b8664cc8bd02bb510f3d3360,No
spotify:track:1F919DPE6RADs3GipsrpJz,Haumea,Eigengrau,Girih,15bf2a4d72b347cebc478fb102de1c25,2025-02-25T03:11:39Z,Yinz were right about this band. This is absolutely incredible stuff,0fe5e0c6b8664cc8bd02bb510f3d3360,Yes
spotify:track:2kQVHt2iOzZzrEkIewQLnP,Glamour Child,Glamour Child,Moonrise Nation,362908667d1d4abbb9ad1aef12ef16cf,2025-02-27T18:15:08Z,,0fe5e0c6b8664cc8bd02bb510f3d3360,Yes
spotify:track:2Sghk8wb21UDYxMFuI3a7a,Guess So (Live),"Live at The Bridge Sound & Stage, Cambridge, MA",Tigerman Woah!,ba1d339eaec34d5aa4f6b541547a9ce4,2025-02-27T04:25:34Z,"I found this local indie band back in 2014, and I have consistently listened to them monthly essentially since then.  These bums took down the original version of my favorite songs, so enjoy this terrible live version that has survived.  The lead singer is piss drunk, forgetting words.  The recording quality is absolute wank.  It is genuinely a shameful bastardization of one of my favorite songs of all time.",0fe5e0c6b8664cc8bd02bb510f3d3360,Yes
spotify:track:32UKzfkSMoFSHfcd20l4PW,Little Numbers,Mutual Friends (Bonus Track Version),Boy,de815f0fc5dd4b7cbf01304fe884f7e5,2025-02-25T21:50:50Z,Found this song on TikTok and now they're one of my top bands,0fe5e0c6b8664cc8bd02bb510f3d3360,Yes
spotify:track:4kitrPNhhNZh0d5B6OQkJ9,Pink Death,Homo,Strong Boys,b83d73a9109442c2ac4623235fe4a53a,2025-02-26T20:21:39Z,,0fe5e0c6b8664cc8bd02bb510f3d3360,No
spotify:track:623lOlo3U7BkhePNBQxvf4,TMINUSGRANDGESTURE,T-Minus Grand Gesture,Brave Bird,a39e03efa5c24d22885572be9d37cf26,2025-02-25T03:18:59Z,If the body does what the body wants why do I feel like mine is giving up?,0fe5e0c6b8664cc8bd02bb510f3d3360,Yes
spotify:track:6KSUrovcgqzchlrh8ykjAj,rah's story.,did this in detroit.,Remy Banks,1b0c80b1a93d4a32b374c2e8e2216fc0,2025-02-27T14:05:10Z,,0fe5e0c6b8664cc8bd02bb510f3d3360,No
spotify:track:76eCYggxiEClxXWsgrMLbi,"still, endlessly","still, endlessly",Eversame,65aa52ac1d42438fb744b5655da98f64,2025-02-26T05:08:08Z,Dope band from Bratislava ,0fe5e0c6b8664cc8bd02bb510f3d3360,Yes
spotify:track:7pgaS0ix47UoKdBEqvgx01,Boring 20s,Boring 20s,"Tamela D'Amico, Wolfgang Lohr, Ashley Slater",e580b923dc8f44e78cf35113291d52d5,2025-02-25T01:23:17Z,,0fe5e0c6b8664cc8bd02bb510f3d3360,Yes
spotify:track:157c3ICW3KXDgqN28Ql5UZ,WINTER'S BITE,PRISON OF ICE II,PRISON OF ICE,59b2fc98e12a4f529e71af77049856ac,2025-03-04T17:00:25Z,Traveled through some pages of related artists and landed on this one. Sounds like if the Ice King from adventure time fronted trapped under ice ,c35d981c6f65435c8a132de2152c7766,Yes
spotify:track:1i0ouuQkH4ZYugUI9VyCKs,TRUST!,SALVATION,Rebecca Black,c9be872fd5074ab1b5783d466d3c8dc1,2025-03-04T17:39:03Z,Yes this is that Rebecca Black,c35d981c6f65435c8a132de2152c7766,Yes
spotify:track:1tW3fYQ7FBlgUTl84lvM0z,Dino Disco,Dino Disco,Orange Guava Passion,ba1d339eaec34d5aa4f6b541547a9ce4,2025-03-07T00:09:32Z,I‚Äôve listened to this song 3 times but I did find it this week for the express purpose of submitting it.,c35d981c6f65435c8a132de2152c7766,Yes
spotify:track:1whtHLxJwtlcz07az2VZOz,Had Me at Hello,Soft Power,Maria Minerva,1b0c80b1a93d4a32b374c2e8e2216fc0,2025-03-05T17:43:32Z,Was looking through playlists of Baltic music and found this dope artist from estonia,c35d981c6f65435c8a132de2152c7766,Yes
spotify:track:2CHdkhVS2Nh0fIEdzpokC7,Uno II,Uno II,Viagra Boys,55244cc455614160afabba38cd1d0897,2025-03-05T01:34:45Z,i'm a frequent user of the new noise playlist on spotify and i've tried to get into viagra boys before and never really could but i just stumbled across this and i'm obsessed and have to share it ,c35d981c6f65435c8a132de2152c7766,Yes
spotify:track:2KQQjtxR63CHWjU9kPkMaz,Warrior of Time,Burn the Night,Riot City,b83d73a9109442c2ac4623235fe4a53a,2025-03-05T18:42:54Z,80s hair metal from the year of our lord 2019,c35d981c6f65435c8a132de2152c7766,Yes
spotify:track:2SiQKjD5mANk0qkNTx2BmO,Little Sadie,Shaken By A Low Sound,Crooked Still,e580b923dc8f44e78cf35113291d52d5,2025-03-04T22:35:08Z,I‚Äôm a sucker for cello and perc,c35d981c6f65435c8a132de2152c7766,Yes
spotify:track:30fzVVhLeS4VgbOaojsFsj,The Test,NO BLAME‚Ä¶ JUST FACTS,"Pain of Truth, King Nine",198f832a5d8846c793a6cb18a34be983,2025-03-04T17:19:53Z,Did I do this right,c35d981c6f65435c8a132de2152c7766,Yes
spotify:track:3GAasvleCkezatAJAMMdQv,Suadela,Suadela,INDIGOHEAD,15bf2a4d72b347cebc478fb102de1c25,2025-03-06T02:16:23Z,Yeah idk i listened to a few seconds and it seems alright coming out of these 20 year old computer speakers i have,c35d981c6f65435c8a132de2152c7766,Yes
spotify:track:5HJMApQBAW2GxGfFmEUUbD,Gimme My Money,Gimme My Money,Orange Dog Club,362908667d1d4abbb9ad1aef12ef16cf,2025-03-06T02:57:35Z,"Found this band completely randomly, but they have such a fun vibe and are from Rochester and Buffalo ",c35d981c6f65435c8a132de2152c7766,Yes
spotify:track:02JIdsrod3BYucThfUFDUX,Le Festin,Ratatouille (Original Motion Picture Soundtrack),"Camille, Michael Giacchino",de815f0fc5dd4b7cbf01304fe884f7e5,2025-03-10T20:23:37Z,,a52cb6b2408545868a1e8bab9cd02fc8,No
spotify:track:0QmuF2wTMDYOm8gWuc13HA,Xeno Arcadia,Hylics 2 Original Soundtrack,"Mason Lindroth, Chuck Salamone",e580b923dc8f44e78cf35113291d52d5,2025-03-10T20:25:55Z,,a52cb6b2408545868a1e8bab9cd02fc8,No
spotify:track:108uZg6J73j1w1WRL6t6Xi,Toe Funkus,Toe Funkus,Asanabenche,15bf2a4d72b347cebc478fb102de1c25,2025-03-10T20:18:23Z,"I have no idea if these guys are playing shows but it's a bunch of Berklee nerds so if you can see them, do it. Support my friend's friends ",a52cb6b2408545868a1e8bab9cd02fc8,Yes
spotify:track:2nwJSXpMe5UrmVXLVuFwYX,City Baby Attacked By Rats,City Baby Attacked By Rats (Expanded Version),GBH,198f832a5d8846c793a6cb18a34be983,2025-03-13T01:07:43Z,I don‚Äôt know much about Rat but I feel like they could take over the world and this is how they can do it starting small,a52cb6b2408545868a1e8bab9cd02fc8,No
spotify:track:40WVjx6iopjm9jbRLgWUno,Rat Race,Too Much Too Young,The Specials,b83d73a9109442c2ac4623235fe4a53a,2025-03-13T00:42:15Z,Not only would a rat listen to ska but check out that title,a52cb6b2408545868a1e8bab9cd02fc8,Yes
spotify:track:4C6EPbxGiGSX95nJY3z9ZG,I Got Heaven,I Got Heaven,Mannequin Pussy,362908667d1d4abbb9ad1aef12ef16cf,2025-03-10T20:36:38Z,Rat is 100% a punk girl ,a52cb6b2408545868a1e8bab9cd02fc8,Yes
spotify:track:4WVL0pnA9tjDScs4OeUnAL,Calm and Relaxing Birdsong in Park (Loopable No Fade),Relaxing Birdsong,Nature Sounds,a9ab231b40f24cc5a97f7b86625da369,2025-03-13T16:44:22Z,You want something for a cat? Here's something for a cat,a52cb6b2408545868a1e8bab9cd02fc8,Yes
spotify:track:5aQPOBDQXjR7m0BxSoXQ5b,Change the Scratch,Return of the DJ Vol. II,DJ Jeff,55244cc455614160afabba38cd1d0897,2025-03-13T14:09:46Z,i saw the discord chat and still chose to submit based on A Rat not rat the cat. rat party anyone?,a52cb6b2408545868a1e8bab9cd02fc8,Yes
spotify:track:6RMOZruWKO7gt7rd2K438m,Suspended In Gaffa - 2018 Remaster,The Dreaming (2018 Remaster),Kate Bush,c9be872fd5074ab1b5783d466d3c8dc1,2025-03-10T20:57:41Z,I think rat would like this song about being offered a glimpse of heaven and being stuck unable to realize it (chasing birds probably),a52cb6b2408545868a1e8bab9cd02fc8,Yes
spotify:track:71kk3APLuRDZskQCiTsiJz,Land of the Red Man,Parker Millsap,Parker Millsap,ba1d339eaec34d5aa4f6b541547a9ce4,2025-03-10T23:28:51Z,Every time I see Rat‚Äôs eyes I hear that slide guitar riff pop into my head.  I think the song is about like a demonic politician in Oklahoma but don‚Äôt listen to the lyrics.,a52cb6b2408545868a1e8bab9cd02fc8,Yes
spotify:track:7J9ZofRHOKdiHDW1r2ekWm,New Ethic,The Discipline,Earth Crisis,59b2fc98e12a4f529e71af77049856ac,2025-03-11T15:51:22Z,Didn‚Äôt realize rat was a cat but I feel like rat is a cativist. Liberate the animals. ,a52cb6b2408545868a1e8bab9cd02fc8,Yes
spotify:track:1BlQWQgGP84r4GYUVty4Ar,Mess,Busyhead,Noah Kahan,ba1d339eaec34d5aa4f6b541547a9ce4,2025-03-18T00:00:07Z,"I don‚Äôt really even like Noah Kahan that much, but I did really like hearing him play this in the Bose corporate auditorium and then talk about his ambien addiction.  The whole tour bus had to make like a 20 min pit stop üíÄüíÄüíÄ",2fbb12f027b94e7385c1c4f68ae76480,Yes
spotify:track:1RC6SuttZH5Opxqdt0ibZs,Let's Face The Music And Dance (with Sharon Van Etten),I Shouldn‚Äôt Be Telling You This,"Jeff Goldblum & The Mildred Snitzer Orchestra, Sharon Van Etten",198f832a5d8846c793a6cb18a34be983,2025-03-18T17:09:03Z,I met Jeff Goldblum on my 21st birthday and it was the most magical thing to happen to me ,2fbb12f027b94e7385c1c4f68ae76480,Yes
spotify:track:1XaIMkdtG2QXtWMeEyNpOr,Over Before I Began,Over Before I Began,Jacob Canedy,e580b923dc8f44e78cf35113291d52d5,2025-03-18T02:29:27Z,This guy is in my a cappella group lmao,2fbb12f027b94e7385c1c4f68ae76480,Yes
spotify:track:20MWkJVeqKnWf0rGFJJqRY,"I am not a woman, I'm a god","If I Can‚Äôt Have Love, I Want Power (Deluxe)",Halsey,55244cc455614160afabba38cd1d0897,2025-03-18T00:10:31Z,using this opportunity to expose people to a halsey song other than the two that get played on the radio,2fbb12f027b94e7385c1c4f68ae76480,Yes
spotify:track:2VFS4580uWpOb6G3qmQnBA,sungazing,Staring Directly at the Sun,Solar Plexus Super Punch,a9ab231b40f24cc5a97f7b86625da369,2025-03-18T01:03:02Z,Bassist of the band was a college friend!,2fbb12f027b94e7385c1c4f68ae76480,Yes
spotify:track:3cCyxuw3lSCf16KI7taX9X,Ether,Failure//Control,Varials,1b0c80b1a93d4a32b374c2e8e2216fc0,2025-03-20T23:10:09Z,The lead guitarist is my mom's boyfriend's son lol,2fbb12f027b94e7385c1c4f68ae76480,No
spotify:track:5DEY7hZgJkziYBsEvXnpjV,Unlike the Times Before,Six Pacts Etched In Blood,Balmora,c9be872fd5074ab1b5783d466d3c8dc1,2025-03-20T00:19:46Z,"No one got to listen to this the last time it was submitted so here's one of my favorite songs right now, Vic's friend Colin is in Balmora",2fbb12f027b94e7385c1c4f68ae76480,Yes
spotify:track:5TzujOwXTA6XdN17mo8wpk,Crucified,Something's Gotta Give,Agnostic Front,b83d73a9109442c2ac4623235fe4a53a,2025-03-20T00:43:08Z,Met Vinnie a bazillion times so uhhh,2fbb12f027b94e7385c1c4f68ae76480,Yes
spotify:track:5XrNldSo5ymop23tAJGQDC,Jolly Roger,Marathon,Marathon,59b2fc98e12a4f529e71af77049856ac,2025-03-20T16:22:31Z,Played kickball with these dudes ,2fbb12f027b94e7385c1c4f68ae76480,Yes
spotify:track:6iNI21tOYkjmNSkqXv8q51,Congratulations,Rocks for Breakfast,Late for Breakfast,15bf2a4d72b347cebc478fb102de1c25,2025-03-18T18:48:28Z,"Shout-out Nate, gotta be one of my top 6 people to play d&d with ",2fbb12f027b94e7385c1c4f68ae76480,Yes
spotify:track:6IY3cC281mz9q0bViUEldz,It's A Trip!,Content,Joywave,ee98d9f243e9431aaa1119050ee7cb87,2025-03-18T03:34:23Z,"Probably nobody has heard of this small band from Rochester, NY",2fbb12f027b94e7385c1c4f68ae76480,Yes
spotify:track:7nIMrNHGesTrAKdC1D5cxn,Voided,Winter 2024 Promo,Street Hassle,65aa52ac1d42438fb744b5655da98f64,2025-03-20T03:58:07Z,The hassle,2fbb12f027b94e7385c1c4f68ae76480,Yes
spotify:track:7wjmwD5nIYWVnHiR3X3PTO,Golden,Elevator Music for an Elevated Mood,"Cory Wong, Cody Fry",362908667d1d4abbb9ad1aef12ef16cf,2025-03-20T21:50:11Z,"I yelled a question at this guy during a Q&A segment during a life show, so I think that counts. 

Also the live version of this song goes way harder

https://youtu.be/iRIivrzlOgE",2fbb12f027b94e7385c1c4f68ae76480,Yes
spotify:track:0dlP9SnqQa5k1A9mReybFb,Treat Me Like A Slut,Slut Pop,Kim Petras,65aa52ac1d42438fb744b5655da98f64,2025-03-27T23:11:55Z,This song sucks alright  ;)))),6e5fd1e4b2fa4a6e98607400f829e7f2,Yes
spotify:track:1l6AdJbUeraVJudcDnQ3ua,Over The Electric Grapevine,Tales From The Punchbowl,Primus,59b2fc98e12a4f529e71af77049856ac,2025-03-27T15:52:15Z,Primus sucks,6e5fd1e4b2fa4a6e98607400f829e7f2,Yes
spotify:track:2LbYAHlMMcJrEknTbwcjdM,Hokay Hokay Hokay,The Crucifixion of Rapper Extraordinaire Slug Christ,Slug ‚Ä† Christ,1b0c80b1a93d4a32b374c2e8e2216fc0,2025-03-25T01:49:07Z,,6e5fd1e4b2fa4a6e98607400f829e7f2,No
spotify:track:2XLg3FHftP6FNOBN1k4Cek,Honda Civic,Honda Civic,Yuno Miles,b83d73a9109442c2ac4623235fe4a53a,2025-03-25T16:02:20Z,Song of the summer?,6e5fd1e4b2fa4a6e98607400f829e7f2,No
spotify:track:3ZPKocroJIcnHGcnJVlLKD,Africa,Weezer (Teal Album),Weezer,362908667d1d4abbb9ad1aef12ef16cf,2025-03-27T20:03:43Z,Mid bands stop making worse versions of overplayed old songs challenge - difficulty level impossible ,6e5fd1e4b2fa4a6e98607400f829e7f2,Yes
spotify:track:4ce8qzl9HHMyT1H4xmrUPb,Ballad of Kyle Rittenhouse,Ballad of Kyle Rittenhouse,Clifton Hicks,ba1d339eaec34d5aa4f6b541547a9ce4,2025-03-25T18:09:46Z,"So this song is ass but it‚Äôs also got a story.  Clifton Hicks was a super prominent banjo creator online who was universally loved for his free lessons, great beginner content, faithful free transcriptions of old time songs, etc.  IIRC in 2020 he literally lost his mind, posted this, and pivoted his content into right wing rants from his car.  Props to the insular banjo community because they dropped him instantly; a ‚Äúwe don‚Äôt talk about him‚Äù type situation.",6e5fd1e4b2fa4a6e98607400f829e7f2,Yes
spotify:track:4s5Dr7h72jHUWDvw1bYBFq,Minutemaid Man,"Classical Beats, Vol. 1","Konix, Lil B",c9be872fd5074ab1b5783d466d3c8dc1,2025-03-24T23:59:17Z,We crossing the Delaware with this one boys,6e5fd1e4b2fa4a6e98607400f829e7f2,Yes
spotify:track:4zcoGX2OQMMf4gs6KO9jzX,Temporary Secretary - Remastered 2011,McCartney II (Special Edition),Paul McCartney,e580b923dc8f44e78cf35113291d52d5,2025-03-25T00:04:11Z,"""The 0th Gec"" -Carl",6e5fd1e4b2fa4a6e98607400f829e7f2,Yes
spotify:track:5xBxx6yuiUhGkraJwO2T7f,Mine Diamonds - Slowed + Reverbed,Mine Diamonds (Slowed + Reverbed),Mcap Steve,a9ab231b40f24cc5a97f7b86625da369,2025-03-25T01:56:42Z,Please enjoy 5 minutes and 40 seconds of industrial machinery! ,6e5fd1e4b2fa4a6e98607400f829e7f2,Yes
spotify:track:6svSukdIhpKDFaFJNrblJ4,"When the Catholic Girls Go Camping, the Nicotine Vampires Rule Supreme.",More Skin With Milk-Mouth,Giraffes? Giraffes!,15bf2a4d72b347cebc478fb102de1c25,2025-03-25T00:08:33Z,"This shit actually rocks, me and the gang in highschool had this shit on repeat",6e5fd1e4b2fa4a6e98607400f829e7f2,Yes
spotify:track:6XEPmHllDGDaO4w84Xjtgi,Young And Menace,MANIA,Fall Out Boy,ee98d9f243e9431aaa1119050ee7cb87,2025-03-25T00:10:37Z,I‚Äôm a big FOB fan but this track is genuinely just mixed really poorly. The levels are bad and this was the LEAD SINGLE off this album. Shooters shoot I guess,6e5fd1e4b2fa4a6e98607400f829e7f2,Yes
spotify:track:733H5CMPe61EZQhcZ3TDf8,The Star Spangled Banner (United States of America National Anthem) [Band and Chorus],The Star Spangled Banner (United States of America National Anthem),U.S. Army Band,198f832a5d8846c793a6cb18a34be983,2025-03-25T00:16:04Z,mid ass song for a mid ass country,6e5fd1e4b2fa4a6e98607400f829e7f2,Yes
spotify:track:7Meu81YN9Ols2nQdbkKbbh,Suburban Home,Milo Goes to College,Descendents,55244cc455614160afabba38cd1d0897,2025-03-26T16:06:48Z,enough said,6e5fd1e4b2fa4a6e98607400f829e7f2,Yes
spotify:track:00S4snoLP6SBn45iWO1Ywr,Coraz√≥n,Eleventh Hour,Novena,15bf2a4d72b347cebc478fb102de1c25,2025-04-01T22:01:20Z,Spanish tickles my brain,7650fe8379624d378a2059fb7ad670b8,Yes
spotify:track:2dKkVF2m160z0RNDN2dddc,NISSAN ALTIMA,Alligator Bites Never Heal,Doechii,ee98d9f243e9431aaa1119050ee7cb87,2025-04-01T12:23:44Z,Been listening to a lot of Doechii lately,7650fe8379624d378a2059fb7ad670b8,Yes
spotify:track:2hdy9Wt9qp7M7d0U3ossu2,If U Seek Amy,Circus (Deluxe Version),Britney Spears,e580b923dc8f44e78cf35113291d52d5,2025-04-01T01:06:58Z,,7650fe8379624d378a2059fb7ad670b8,No
spotify:track:36lkArfrcCPJSmJXDVgL4W,F**k Shit Stack,Why S*** so Crazy?,Reggie Watts,a9ab231b40f24cc5a97f7b86625da369,2025-04-03T11:39:21Z,"Word
Adjective
Pronoun
Adverb",7650fe8379624d378a2059fb7ad670b8,Yes
spotify:track:3M1Sjaj866h4VqejE7Ak6b,I'm a Fucking McDonald's,Keep Drinking,Drinking Boys and Girls Choir,ba1d339eaec34d5aa4f6b541547a9ce4,2025-04-01T02:59:03Z,I‚Äôve been sitting on this song for so many weeks almost submitting it and then not.  I am happy to finally give you ‚ÄúI‚Äôm a fucking McDonald‚Äôs‚Äù,7650fe8379624d378a2059fb7ad670b8,Yes
spotify:track:3VLlm7YC3PUTT0MOfcBNC3,Angels Fuck Devils Kiss,Sexless Demons And Scars,Jack Off Jill,55244cc455614160afabba38cd1d0897,2025-04-01T00:33:16Z,,7650fe8379624d378a2059fb7ad670b8,Yes
spotify:track:4PBm6F4uoKFxrMs2lAMyC9,Friday (Strip Club),Nasa Gang (Remastered),SpaceGhostPurrp,1b0c80b1a93d4a32b374c2e8e2216fc0,2025-04-01T00:56:54Z,,7650fe8379624d378a2059fb7ad670b8,No
spotify:track:5qQ79s8gMS3PrCVYdRrZaP,FUCK A PROUD BOY,FUCK A PROUD BOY,"Kind Eyes, UnityTX",198f832a5d8846c793a6cb18a34be983,2025-04-02T12:47:29Z,Fuck??? Feat unityTX??? And it‚Äôs about proud boys getting their asses beat?? It could happen to you!,7650fe8379624d378a2059fb7ad670b8,Yes
spotify:track:5TyHeZpXFaweWQxaihvmwH,Family Reunion - Live/1999,"The Mark, Tom And Travis Show (The Enema Strikes Back!) [Live]",blink-182,362908667d1d4abbb9ad1aef12ef16cf,2025-04-02T02:03:41Z,Tom DeLonge fucked my mom ,7650fe8379624d378a2059fb7ad670b8,Yes
spotify:track:62fRbe8nGEOd1xkz8zLUnw,Eat Shit,From the Dead End Blocks Where Life Means Nothing,Shattered Realm,59b2fc98e12a4f529e71af77049856ac,2025-04-01T00:19:03Z,,7650fe8379624d378a2059fb7ad670b8,Yes
spotify:track:6Zj3YsYfj8YTY9aGMDnpn8,Hot Dog,Chocolate Starfish And The Hot Dog Flavored Water,Limp Bizkit,c9be872fd5074ab1b5783d466d3c8dc1,2025-04-01T00:18:30Z,It really is a fucked up world,7650fe8379624d378a2059fb7ad670b8,Yes
spotify:track:1BLfQ6dPXmuDrFmbdfW7Jl,A Little Piece of Heaven,Avenged Sevenfold,Avenged Sevenfold,55244cc455614160afabba38cd1d0897,2025-04-10T00:36:53Z,you'd probably smell at least kinda bad after eating someone's heart and fucking their corpse,073edebbce984d66bbd878852919b710,Yes
spotify:track:3O30ywyRk6EKT68sBvVqOP,Hollywood Forever Cemetery Sings,Fear Fun,Father John Misty,362908667d1d4abbb9ad1aef12ef16cf,2025-04-08T15:31:18Z,,073edebbce984d66bbd878852919b710,Yes
spotify:track:4HuiEuJ7ZW8jewUuZBg6sk,Sarah,Trick,Alex G,c9be872fd5074ab1b5783d466d3c8dc1,2025-04-10T05:01:49Z,"Great song but my friend said it smelled worse at his show than at death grips, a crunchy granola stinky vibeo",073edebbce984d66bbd878852919b710,Yes
spotify:track:4RXnTpeP4CvkbGtOx6sN3v,You Let My Tyres Down,A Laughing Death in Meatspace,Tropical Fuck Storm,1b0c80b1a93d4a32b374c2e8e2216fc0,2025-04-09T12:58:44Z,Got that bogan musk,073edebbce984d66bbd878852919b710,No
spotify:track:5ekpTKnyG3nXdiJSVBU7Qg,Chevrolet Van,The Nude Party,The Nude Party,ba1d339eaec34d5aa4f6b541547a9ce4,2025-04-10T00:22:47Z,"I don‚Äôt care whether you vote or not, I want you to comment what genre this song is I cannot figure out what I would call it and I‚Äôm curious to hear others thoughts.  Also this guy lived out of his van and probably STINKS.",073edebbce984d66bbd878852919b710,Yes
spotify:track:5nV609B7jqDuKEupcerPTK,Stink-Foot,Apostrophe('),Frank Zappa,b83d73a9109442c2ac4623235fe4a53a,2025-04-10T04:50:40Z,I'm jk I'm sure u smelled great frank,073edebbce984d66bbd878852919b710,Yes
spotify:track:6K1OrAJhPBucc9Fbh14G9S,Health Freak Head Stomp,Chaos Streaks,C4,65aa52ac1d42438fb744b5655da98f64,2025-04-10T11:53:18Z,30lbs of beef drop the load,073edebbce984d66bbd878852919b710,Yes
spotify:track:6qQGxKyy6LcyZVsWn93lyS,Pink Triangle,Pinkerton,Weezer,ee98d9f243e9431aaa1119050ee7cb87,2025-04-09T15:30:15Z,A song about Rivers Cuomo just assuming a girl on a college campus is a lesbian because she's wearing a pink triangle; did not ever talk to this woman. Thank you Lord for Rivers Cuomo,073edebbce984d66bbd878852919b710,Yes
spotify:track:729WH8wHbNfc0DyViNBSvj,Free Pizza for Life,Death and Hatred to Mankind,Ghost Mice,59b2fc98e12a4f529e71af77049856ac,2025-04-10T14:38:55Z,,073edebbce984d66bbd878852919b710,Yes
spotify:track:74SyhWAmdzITo354lH4zG9,Honja,God Is Under the Porch Where the Dog Died,"Slug ‚Ä† Christ, Keith Ape",e580b923dc8f44e78cf35113291d52d5,2025-04-08T05:22:36Z,I'm transfixed by this guy,073edebbce984d66bbd878852919b710,No
spotify:track:7uWn2oA0MAZCrB3sMLwn6N,T-Bag Your Grandma,Defenders of the Small Yard,Moron Police,15bf2a4d72b347cebc478fb102de1c25,2025-04-08T00:19:39Z,These guys will sing songs about anti-US style imperialism or about t-bagging your grandma ,073edebbce984d66bbd878852919b710,Yes
spotify:track:0Zg4tjgfqw9qzq7lXX2sUM,Hazey,ZABA,Glass Animals,de815f0fc5dd4b7cbf01304fe884f7e5,2025-04-17T15:51:02Z,I maintain how to be a human being is their best album,c29712d58de64f4398ca0fad9accab68,Yes
spotify:track:1PtQJZVZIdWIYdARpZRDFO,Running Up That Hill (A Deal With God),Hounds Of Love,Kate Bush,b83d73a9109442c2ac4623235fe4a53a,2025-04-15T16:35:08Z,Fuck stranger things all my homies hate stranger thongs,c29712d58de64f4398ca0fad9accab68,Yes
spotify:track:2xXgWlANgNbcuFZhD7NFSc,Death Grips,Death Grips,Etta Marcus,362908667d1d4abbb9ad1aef12ef16cf,2025-04-16T18:43:03Z,"I submitted this song once but it was a round where only 4 people participated.

I've been hyping Etta Marcus up for a while. Discovered her around 50k Spotify monthly listeners, now shes at 240k.

This song is just so well layered, it's fantastic. It's probably my favorite song recently. That background piano is üëåthen they hit you with that background electric guitar and ü´® Song goes hard as hell is what I'm trying to say

I swear Etta Marcus will be one of the next big things in the future. ",c29712d58de64f4398ca0fad9accab68,Yes
spotify:track:4NOZKKJKMWhQCe5uyQNNG6,When I Get Older,Phantom Pop,Wild Party,ba1d339eaec34d5aa4f6b541547a9ce4,2025-04-16T01:58:54Z,I listened to this song in like high school and then Vic randomly found it and showed it to me in like 3rd or 4th year and I thought that was pretty funny.  Idk if these guys are like well known or anything I don‚Äôt listen to any of their other music.,c29712d58de64f4398ca0fad9accab68,Yes
spotify:track:4nPeNi0XkuoYcuIshqcYVn,BUNKER/PREROLL,BUNKER/PREROLL,"mynameisntjmack, Tommy Richman",1b0c80b1a93d4a32b374c2e8e2216fc0,2025-04-15T00:17:59Z,I listened to Tommy richman before million dollar baby,c29712d58de64f4398ca0fad9accab68,Yes
spotify:track:4Oq6yOs0L5Dfa7f3pxkQfq,White Elephant,Songs About The Weather,Basement,65aa52ac1d42438fb744b5655da98f64,2025-04-17T23:38:41Z,,c29712d58de64f4398ca0fad9accab68,Yes
spotify:track:55z9JKoPKREhOv1bppouag,Currents Convulsive,A Flair For The Dramatic,Pierce The Veil,55244cc455614160afabba38cd1d0897,2025-04-15T21:53:55Z,ptv blowing up the way they did because of tiktok was not something i could've ever predicted,c29712d58de64f4398ca0fad9accab68,Yes
spotify:track:6BNPwD7KTEHu31hles8CyD,Death Grip,Pressure to Succeed,Turnstile,198f832a5d8846c793a6cb18a34be983,2025-04-15T00:54:40Z,I saw them in a tiny venue (literally inside a small room which looked like it was at a church I think idk why) and a 6‚Äô4‚Äù man cartwheeled at me and I remember climbing over a bunch of random people during this song and it was so fun and now they‚Äôre selling out shows and I‚Äôm proud of them like they‚Äôre my sons,c29712d58de64f4398ca0fad9accab68,Yes
spotify:track:6CfwYtEnSDgMxosLZ5Vbiu,Of Matter - Proxy,Altered State,TesseracT,15bf2a4d72b347cebc478fb102de1c25,2025-04-16T02:42:22Z,"Was listening to these guys back in highschool on Pandora radio I'm a real OG

Also best setlist I've ever seen live on god frfr",c29712d58de64f4398ca0fad9accab68,Yes
spotify:track:6twjuBZfRJIZnoHrghzWLk,Blame Brett,Blame My Ex,The Beaches,ee98d9f243e9431aaa1119050ee7cb87,2025-04-16T23:12:57Z,Got into this band; heard them on the radio a while later. Australian female rock band. Hell yeah,c29712d58de64f4398ca0fad9accab68,Yes
spotify:track:6xRZF7buXEDHO5ZuGTt8GB,Inside,Inside,Melt,e580b923dc8f44e78cf35113291d52d5,2025-04-15T01:18:03Z,,c29712d58de64f4398ca0fad9accab68,Yes
spotify:track:7CUkeiG7QtB7tPU9f8SANS,hand crushed by a mallet,1000 gecs,"100 gecs, Laura Les, Dylan Brady",c9be872fd5074ab1b5783d466d3c8dc1,2025-04-17T14:52:16Z,"I was on the Gecs wagon in 2019, the death grips in 2017 and honestly the next time I like a band that gets an ironic fanbase I'm going to crash out",c29712d58de64f4398ca0fad9accab68,Yes
spotify:track:0ETiP5S8lbp8w6O7hc70Kk,Smoothie Song,This Side,Nickel Creek,362908667d1d4abbb9ad1aef12ef16cf,2025-04-24T19:27:12Z,"This one is specifically for Carl. 

This song fits the theme I promise ",4bf5b8f752504ad5b546b78a9b7e3b76,Yes
spotify:track:0rJvdHXHV9xOXAsq8bna7Q,You Could Be The One,April Mixtape 2,Snow Strippers,65aa52ac1d42438fb744b5655da98f64,2025-04-24T23:12:38Z,,4bf5b8f752504ad5b546b78a9b7e3b76,No
spotify:track:1Ef6RP9JhfkACpYhpLCmFZ,Stadium Rave,SpongeBob's Greatest Hits,Spongebob Squarepants,198f832a5d8846c793a6cb18a34be983,2025-04-24T21:58:51Z,Shake that bubble butt,4bf5b8f752504ad5b546b78a9b7e3b76,Yes
spotify:track:26lWSZtUQvUhTnjqokay5p,Strokin,I Got Rhythm,Clarence Carter,a9ab231b40f24cc5a97f7b86625da369,2025-04-24T14:10:52Z,,4bf5b8f752504ad5b546b78a9b7e3b76,Yes
spotify:track:2EkOwCBWjcFfhychOKcY7j,The Devil,The Devil,LSDXOXO,1b0c80b1a93d4a32b374c2e8e2216fc0,2025-04-22T01:00:58Z,,4bf5b8f752504ad5b546b78a9b7e3b76,No
spotify:track:2zMJN9JvDlvGP4jB03l1Bz,Hot Stuff,Bad Girls,Donna Summer,b83d73a9109442c2ac4623235fe4a53a,2025-04-24T19:59:46Z,,4bf5b8f752504ad5b546b78a9b7e3b76,No
spotify:track:3tFed7YsjGnIfxeLEQwx3R,"Sticky (feat. GloRilla, Sexyy Red & Lil Wayne)",CHROMAKOPIA,"Tyler, The Creator, GloRilla, Sexyy Red, Lil Wayne",c9be872fd5074ab1b5783d466d3c8dc1,2025-04-24T04:55:36Z,( )( ),4bf5b8f752504ad5b546b78a9b7e3b76,Yes
spotify:track:3Vqbj9yPHBTIRhTDJHPQMq,Moanin',Nostalgia in Times Square,Mingus Big Band,ee98d9f243e9431aaa1119050ee7cb87,2025-04-23T20:45:23Z,Hell yeah,4bf5b8f752504ad5b546b78a9b7e3b76,Yes
spotify:track:4IPvXFtzlB6zI7nku0EviA,Ducky Ducky (Flying Beagle),Ducky Ducky (Flying Beagle),Komuchiwa,15bf2a4d72b347cebc478fb102de1c25,2025-04-22T00:40:12Z,Giant juicy dumper squad,4bf5b8f752504ad5b546b78a9b7e3b76,Yes
spotify:track:4LRYOdTr96bLdmw3bEwbBi,Itty Bitty,Itty Bitty,Ashnikko,55244cc455614160afabba38cd1d0897,2025-04-24T15:05:07Z,,4bf5b8f752504ad5b546b78a9b7e3b76,No
spotify:track:62gJ9HMWJdiOTWB3rwrTBL,Making Love,Making Love,Sir Woman,e580b923dc8f44e78cf35113291d52d5,2025-04-22T00:12:14Z,,4bf5b8f752504ad5b546b78a9b7e3b76,No
spotify:track:683hRieVmYdAhVA1DkjSAk,Space Jam,Space Jam (Music From And Inspired By The Motion Picture),Quad City DJ's,59b2fc98e12a4f529e71af77049856ac,2025-04-24T16:01:27Z,This songs throwin ass everywhere ,4bf5b8f752504ad5b546b78a9b7e3b76,Yes
spotify:track:794F99D5BQHS5ZGRXAs7I5,Anaconda,The Pinkprint (Deluxe),Nicki Minaj,ba1d339eaec34d5aa4f6b541547a9ce4,2025-04-24T19:29:17Z,The fact that I bought the officially licensed version of this song on beatsaber was one of the greatest decisions I made in life.,4bf5b8f752504ad5b546b78a9b7e3b76,Yes
spotify:track:0n4bITAu0Y0nigrz3MFJMb,Blurred Lines,Blurred Lines (Deluxe),"Robin Thicke, T.I., Pharrell Williams",ee98d9f243e9431aaa1119050ee7cb87,2025-04-29T02:27:20Z,"There was a bunch of music in high school that gave me bad vibes, but a lot of it was just because I was trying to be hipster. Not this song. I hate this song. ",67bcc134535348ddb2373ae5db50a272,Yes
spotify:track:0TfHub9Xd5kr6lwpiWOxO7,Playa Hataz,Underground Vol. I,Three 6 Mafia,1b0c80b1a93d4a32b374c2e8e2216fc0,2025-05-01T23:11:35Z,,67bcc134535348ddb2373ae5db50a272,No
spotify:track:0y1rTPYx9e1fFlP3W9KvpW,Suspiria,Suspiria (40th Anniversary) [Original Motion Picture Soundtrack],Goblin,c9be872fd5074ab1b5783d466d3c8dc1,2025-04-30T13:54:28Z,Sometimes I drive home with [redacted] late at night play this while we drive through the dark woods and it terrifies her,67bcc134535348ddb2373ae5db50a272,Yes
spotify:track:0zMgyWRfTJXZxER2DsyvjD,Bustin,Bustin,Neil Cicierega Archive,a9ab231b40f24cc5a97f7b86625da369,2025-04-29T01:50:54Z,,67bcc134535348ddb2373ae5db50a272,Yes
spotify:track:1RwDsaft1szD0FO3DVEtaT,The Lost Art Of Keeping A Secret,Rated R,Queens of the Stone Age,59b2fc98e12a4f529e71af77049856ac,2025-05-01T15:53:32Z,,67bcc134535348ddb2373ae5db50a272,Yes
spotify:track:4lJjVASVLA8m4RJUCD6MPL,Goodnight and Go,Speak for Yourself (Deluxe Version),Imogen Heap,de815f0fc5dd4b7cbf01304fe884f7e5,2025-04-30T17:18:25Z,If you listen to the lyrics they're pretty unsettling despite the pretty sound ,67bcc134535348ddb2373ae5db50a272,Yes
spotify:track:4uw7rnFgYs9g3pdexIIL7L,„Éì„É™„Ç±„É≥ - Biriken,„Éì„É™„Ç±„É≥ - Biriken,Creepy Nuts,e580b923dc8f44e78cf35113291d52d5,2025-04-30T04:56:50Z,,67bcc134535348ddb2373ae5db50a272,Yes
spotify:track:5izEvN0Q3z5WjiYAkEfMxc,Muuntautuja,Muuntautuja,Oranssi Pazuzu,15bf2a4d72b347cebc478fb102de1c25,2025-04-29T17:57:58Z,Those finns sure know how to jeep they creep,67bcc134535348ddb2373ae5db50a272,Yes
spotify:track:5RySo0AAUR0reTHSCvb6HC,Small Things,I Forget Where We Were,Ben Howard,ba1d339eaec34d5aa4f6b541547a9ce4,2025-05-01T23:02:21Z,The use of the echo pedal in this track is weirdly haunting to me.  Love me some weird psychedelic shit.,67bcc134535348ddb2373ae5db50a272,Yes
spotify:track:69L4d5HlE0YOCwWFYVFGoW,When I Was Done Dying,Gliss Riffer,Dan Deacon,362908667d1d4abbb9ad1aef12ef16cf,2025-04-30T13:47:36Z,"You REALLY SHOULD watch the adult swim video with this one for full impact, it's very good

https://youtu.be/TuJqUvBj4rE?si=mq4-zH_SQLHCDSdo

This song always gave me bad trip vibes with the frantic lyrics with no pauses for breath and the weird chanting. Also the lyrics are real interesting. Definitely some anxious jeebies for me in here",67bcc134535348ddb2373ae5db50a272,Yes
spotify:track:6jt350ccS4TK7CWvbGKuJr,Hurry Hurry Ahura Mazda,Hurry Hurry Ahura Mazda,King 810,55244cc455614160afabba38cd1d0897,2025-04-30T16:52:42Z,make sure ur volume is up ,67bcc134535348ddb2373ae5db50a272,Yes
spotify:track:6pDzUazSIrRhViOqiMMraX,Reborn,Hereditary (Original Soundtrack Album),Colin Stetson,198f832a5d8846c793a6cb18a34be983,2025-05-01T01:22:07Z,the first time I watched hereditary was the first time I smoked out of a bong and ever since then I can‚Äôt hear this song without feeling an intense wave of anxiety,67bcc134535348ddb2373ae5db50a272,Yes
spotify:track:0YfEyXf9Pds37gOnE7bmwt,This Christmas,A Philly Special Christmas Special,"The Philly Specials, Jordan Mailata, Patti LaBelle",15bf2a4d72b347cebc478fb102de1c25,2025-05-06T03:30:35Z,"Regarding the three OL that sing on the album, I am partial to Jordan Mailata ",fbc61d087c4f49b095b13eb5e80bff48,Yes
spotify:track:2UxVAx0Ydcn4xs9FIRBczz,Carol of the Bells,"August Burns Red Presents: Sleddin' Hill, A Holiday Album",August Burns Red,55244cc455614160afabba38cd1d0897,2025-05-06T00:08:24Z,,fbc61d087c4f49b095b13eb5e80bff48,No
spotify:track:53SO31tVskF6PIcdId1fva,Gun for Christmas - Live,25th Annual Christmas Formal (Live),The Vandals,59b2fc98e12a4f529e71af77049856ac,2025-05-06T00:10:12Z,,fbc61d087c4f49b095b13eb5e80bff48,Yes
spotify:track:6DBAhTpomE1z4QW6rtX1fX,Sister Winter,Songs For Christmas,Sufjan Stevens,362908667d1d4abbb9ad1aef12ef16cf,2025-05-06T15:51:24Z,"Sufjan Steves's Songs For Christmas is my favorite Christmas album of all time. Here's one of my favorites, but it's really hard to choose just one ",fbc61d087c4f49b095b13eb5e80bff48,Yes
spotify:track:6jyHxjclXv6SIfh6Zz4qGN,God Rest Ye Merry Gentlemen,A Christmas Cornucopia,Annie Lennox,c9be872fd5074ab1b5783d466d3c8dc1,2025-05-08T22:33:20Z,"Outstanding version of a great carol, sounds like something out of the witcher, plus its sung by the lady from Eurythmics, check out the whole album if you like this",fbc61d087c4f49b095b13eb5e80bff48,Yes
spotify:track:6nPe8sU2LMR4i6VjRVPFh5,A Christmas Duel,A Christmas Duel,"The Hives, Cyndi Lauper",ba1d339eaec34d5aa4f6b541547a9ce4,2025-05-06T01:21:55Z,"I think that Christmas music tends to idealize the world, which I think makes it tiring to a lot of people.  This song, however, is a great song that indulges in the world‚Äôs most toxic couple‚Äôs Christmas memories.",fbc61d087c4f49b095b13eb5e80bff48,Yes
spotify:track:77khP2fIVhSW23NwxrRluh,A Holly Jolly Christmas,Have A Holly Jolly Christmas,Burl Ives,e580b923dc8f44e78cf35113291d52d5,2025-05-08T23:03:11Z,My favorite classic,fbc61d087c4f49b095b13eb5e80bff48,Yes
spotify:track:7kWD5fzU9Pkux4TQ5V5F3S,Dominick the Donkey (The Italian Christmas Donkey),Dominick the Donkey,Lou Monte,ee98d9f243e9431aaa1119050ee7cb87,2025-05-06T00:05:28Z,This is my favorite Christmas song and you can all suffer ü•∞,fbc61d087c4f49b095b13eb5e80bff48,Yes
spotify:track:06Hyal3MFAydkCroQ9Hua8,Laredo - Instrumental,Laredo,Meeka Kates,e580b923dc8f44e78cf35113291d52d5,2025-05-13T11:09:55Z,,2694bfca86d146abbe03e5cb40356398,Yes
spotify:track:0qkW5vQ0BTn7qMUcEkRcYA,Ain't Nothin' New,Floor It!!!,The Texas Gentlemen,ba1d339eaec34d5aa4f6b541547a9ce4,2025-05-15T18:41:42Z,Fuck it I‚Äôm going to try to bend country music to this theme,2694bfca86d146abbe03e5cb40356398,Yes
spotify:track:0Wj1liJHbn6W6ATx4Hzoqc,Summertime Breeze,"Sceneries Not Songs, Volume 1",Larry Heard,1b0c80b1a93d4a32b374c2e8e2216fc0,2025-05-13T14:42:31Z,,2694bfca86d146abbe03e5cb40356398,No
spotify:track:1fBLLpShMpr4DegsUlDWz4,Pretty Face,We Sink,S√≥ley,de815f0fc5dd4b7cbf01304fe884f7e5,2025-05-13T17:35:16Z,,2694bfca86d146abbe03e5cb40356398,No
spotify:track:2RTlcEKqNPoJmLExbKMmqz,Angel,Hornet Disaster,Weatherday,c9be872fd5074ab1b5783d466d3c8dc1,2025-05-15T18:26:51Z,The sounds and content of this song evoke things I often feel/see in the midst of hallucinations and I think its a banger I wanna listen to next time i trip,2694bfca86d146abbe03e5cb40356398,Yes
spotify:track:3TDKExlw0O1HdfZxGrHgNJ,You're Not Evil,Slip It In,Black Flag,55244cc455614160afabba38cd1d0897,2025-05-13T04:52:58Z,"ok niche category so niche submission, listened to this album several times over in the wee hours of the morning one time after too many tabs of acid, something about having ""you think you're evil! but you're not!"" yelled at me repeatedly in such a state fixed something inside of me i think",2694bfca86d146abbe03e5cb40356398,Yes
spotify:track:4wj53ItvfETfYRs4zzmiPC,Isabella of Castile,Starfucker,STRFKR,362908667d1d4abbb9ad1aef12ef16cf,2025-05-15T03:58:05Z,Just a pleasant one,2694bfca86d146abbe03e5cb40356398,Yes
spotify:track:67Hna13dNDkZvBpTXRIaOJ,Teardrop,Mezzanine,"Massive Attack, Elizabeth Fraser",15bf2a4d72b347cebc478fb102de1c25,2025-05-15T01:26:17Z,Hmmm viconin,2694bfca86d146abbe03e5cb40356398,Yes
spotify:track:6qLgGLeawKyhMFJ848XtYD,Dragonaut,Sleep's Holy Mountain,Sleep,75115751e4aa44d695431d75a3e2da68,2025-05-13T12:56:53Z,,2694bfca86d146abbe03e5cb40356398,No
spotify:track:7AQs7Re2OriiKr1kbQkdtJ,Ashes to Ashes - Remastered 2007,Somewhere Far Beyond (Remastered 2007),Blind Guardian,59b2fc98e12a4f529e71af77049856ac,2025-05-15T23:11:47Z,Fuck this I‚Äôm fighting dragons ,2694bfca86d146abbe03e5cb40356398,Yes
spotify:track:7kriFJLY2KOhw5en9iI2jb,Echoes,Meddle,Pink Floyd,b83d73a9109442c2ac4623235fe4a53a,2025-05-13T14:30:54Z,,2694bfca86d146abbe03e5cb40356398,No
